id,Project,TeamExp,ManagerExp,YearEnd,Length,Effort,Transactions,Entities,PointsNonAdjust,Adjustment,PointsAjust,Language,source,deadline_missed,Transactions_per_Length,Entities_per_Length,Transactions_per_Entity,Adjustment_Ratio,Total_Experience,Experience_Gap
1,1,1,4,85,12,5152,253,52,305,34,302,1,real,1,21.083333333333332,4.333333333333333,4.865384615384615,0.11147540983606558,5,-3
2,2,0,0,86,4,5635,197,124,321,33,315,1,real,1,49.25,31.0,1.5887096774193548,0.102803738317757,0,0
3,3,4,4,85,1,805,40,60,100,18,83,1,real,0,40.0,60.0,0.6666666666666666,0.18,8,0
4,4,0,0,86,5,3829,200,119,319,30,303,1,real,1,40.0,23.8,1.680672268907563,0.09404388714733543,0,0
5,5,0,0,86,4,2149,140,94,234,24,208,1,real,1,35.0,23.5,1.4893617021276595,0.10256410256410256,0,0
6,6,0,0,86,4,2821,97,89,186,38,192,1,real,0,24.25,22.25,1.0898876404494382,0.20430107526881722,0,0
7,7,2,1,85,9,2569,119,42,161,25,145,2,real,1,13.222222222222221,4.666666666666667,2.8333333333333335,0.15527950310559005,3,1
8,8,1,2,83,13,3913,186,52,238,25,214,1,real,1,14.307692307692308,4.0,3.576923076923077,0.10504201680672269,3,-1
9,9,3,1,85,12,7854,172,88,260,30,247,1,real,1,14.333333333333334,7.333333333333333,1.9545454545454546,0.11538461538461539,4,2
10,10,3,4,83,4,2422,78,38,116,24,103,1,real,0,19.5,9.5,2.0526315789473686,0.20689655172413793,7,-1
11,11,4,1,84,21,4067,167,99,266,24,237,1,real,0,7.9523809523809526,4.714285714285714,1.6868686868686869,0.09022556390977443,5,3
12,12,2,1,84,17,9051,146,112,258,40,271,1,real,1,8.588235294117647,6.588235294117647,1.3035714285714286,0.15503875968992248,3,1
13,13,1,1,84,3,2282,33,72,105,19,88,1,real,1,11.0,24.0,0.4583333333333333,0.18095238095238095,2,0
14,14,3,4,85,8,4172,162,61,223,32,216,1,real,0,20.25,7.625,2.6557377049180326,0.14349775784753363,7,-1
15,15,4,4,85,9,4977,223,121,344,28,320,1,real,0,24.77777777777778,13.444444444444445,1.8429752066115703,0.08139534883720931,8,0
16,16,3,2,85,8,1617,119,48,167,26,152,2,real,0,14.875,6.0,2.4791666666666665,0.15568862275449102,5,1
17,17,4,3,85,8,3192,57,43,100,43,108,1,real,0,7.125,5.375,1.3255813953488371,0.43,7,1
18,18,4,4,86,14,3437,68,316,384,20,326,2,real,1,4.857142857142857,22.571428571428573,0.21518987341772153,0.052083333333333336,8,0
19,19,3,4,87,14,4494,9,386,395,21,340,2,real,0,0.6428571428571429,27.571428571428573,0.023316062176165803,0.053164556962025315,7,-1
20,20,4,2,86,5,840,58,34,92,29,86,1,real,0,11.6,6.8,1.7058823529411764,0.31521739130434784,6,2
21,21,4,4,86,12,14973,318,269,587,34,581,2,real,1,26.5,22.416666666666668,1.1821561338289963,0.05792163543441227,8,0
22,22,2,4,85,18,5180,88,170,258,34,255,1,real,1,4.888888888888889,9.444444444444445,0.5176470588235295,0.13178294573643412,6,-2
23,23,2,4,86,5,5775,306,132,438,37,447,1,real,1,61.2,26.4,2.3181818181818183,0.08447488584474885,6,-2
24,24,4,1,87,20,10577,304,78,382,39,397,1,real,0,15.2,3.9,3.8974358974358974,0.10209424083769633,5,3
25,25,1,4,86,8,3983,89,200,289,33,283,1,real,1,11.125,25.0,0.445,0.11418685121107267,5,-3
26,26,4,1,85,14,3164,86,230,316,33,310,1,real,0,6.142857142857143,16.428571428571427,0.3739130434782609,0.10443037974683544,5,3
27,27,2,0,86,6,3542,71,235,306,37,312,1,real,1,11.833333333333334,39.166666666666664,0.3021276595744681,0.12091503267973856,2,2
28,28,3,1,85,14,4277,148,324,472,39,491,1,real,0,10.571428571428571,23.142857142857142,0.4567901234567901,0.0826271186440678,4,2
29,29,4,4,85,16,7252,116,170,286,27,263,1,real,0,7.25,10.625,0.6823529411764706,0.0944055944055944,8,0
30,30,4,1,85,14,3948,175,277,452,37,461,1,real,0,12.5,19.785714285714285,0.631768953068592,0.08185840707964602,5,3
31,31,4,3,86,6,3927,79,128,207,27,190,1,real,0,13.166666666666666,21.333333333333332,0.6171875,0.13043478260869565,7,1
32,32,1,1,86,9,710,145,38,183,27,168,3,real,1,16.11111111111111,4.222222222222222,3.8157894736842106,0.14754098360655737,2,0
33,33,4,4,87,9,2429,174,78,252,41,267,3,real,1,19.333333333333332,8.666666666666666,2.230769230769231,0.1626984126984127,8,0
34,34,1,1,85,5,6405,194,91,285,35,285,1,real,1,38.8,18.2,2.131868131868132,0.12280701754385964,2,0
35,35,2,2,88,3,651,126,49,175,38,180,3,real,1,42.0,16.333333333333332,2.5714285714285716,0.21714285714285714,4,0
36,36,1,3,86,17,9135,317,119,436,34,432,2,real,1,18.647058823529413,7.0,2.6638655462184873,0.0779816513761468,4,-2
37,37,2,4,87,11,1435,289,88,377,28,351,3,real,0,26.272727272727273,8.0,3.284090909090909,0.07427055702917772,6,-2
38,38,-1,-1,87,8,5922,260,144,404,24,360,1,real,1,32.5,18.0,1.8055555555555556,0.0594059405940594,-2,0
39,39,1,4,88,4,847,158,59,217,18,180,3,real,1,39.5,14.75,2.6779661016949152,0.08294930875576037,5,-3
40,40,3,3,88,16,8050,302,145,447,52,523,2,real,1,18.875,9.0625,2.0827586206896553,0.116331096196868,6,0
41,41,1,1,87,9,4620,451,48,499,28,464,1,real,0,50.111111111111114,5.333333333333333,9.395833333333334,0.056112224448897796,2,0
42,42,2,4,87,34,2352,661,132,793,23,698,3,real,1,19.441176470588236,3.8823529411764706,5.007575757575758,0.029003783102143757,6,-2
43,43,1,1,88,10,2174,64,54,118,25,106,1,real,0,6.4,5.4,1.1851851851851851,0.211864406779661,2,0
44,44,-1,4,86,39,19894,284,230,514,50,591,1,real,1,7.282051282051282,5.897435897435898,1.2347826086956522,0.09727626459143969,3,-5
45,45,2,1,86,18,6699,182,126,308,35,308,1,real,1,10.11111111111111,7.0,1.4444444444444444,0.11363636363636363,3,1
46,46,2,3,87,27,14987,173,332,505,19,424,1,real,0,6.407407407407407,12.296296296296296,0.5210843373493976,0.03762376237623762,5,-1
47,47,2,2,88,9,4004,252,7,259,28,241,1,real,0,28.0,0.7777777777777778,36.0,0.10810810810810811,4,0
48,48,4,3,85,11,12824,131,180,311,51,361,1,real,1,11.909090909090908,16.363636363636363,0.7277777777777777,0.1639871382636656,7,1
49,49,2,3,85,8,2331,106,39,145,6,103,1,real,0,13.25,4.875,2.717948717948718,0.041379310344827586,5,-1
50,50,3,3,85,9,5817,96,108,204,29,192,1,real,0,10.666666666666666,12.0,0.8888888888888888,0.14215686274509803,6,0
51,51,2,3,85,7,2989,116,72,188,18,156,1,real,1,16.571428571428573,10.285714285714286,1.6111111111111112,0.09574468085106383,5,-1
52,52,3,3,85,6,3136,86,49,135,32,131,1,real,0,14.333333333333334,8.166666666666666,1.7551020408163265,0.23703703703703705,6,0
53,53,2,3,85,17,14434,221,121,342,35,342,1,real,1,13.0,7.117647058823529,1.8264462809917354,0.1023391812865497,5,-1
54,54,1,1,87,12,2583,61,96,157,18,130,1,real,1,5.083333333333333,8.0,0.6354166666666666,0.11464968152866242,2,0
55,55,1,3,86,12,3647,132,89,221,5,155,2,real,1,11.0,7.416666666666667,1.4831460674157304,0.02262443438914027,4,-2
56,56,3,7,86,13,8232,45,387,432,16,350,2,real,1,3.4615384615384617,29.76923076923077,0.11627906976744186,0.037037037037037035,10,-4
57,57,1,1,86,12,3276,55,112,167,12,129,2,real,0,4.583333333333333,9.333333333333334,0.49107142857142855,0.0718562874251497,2,0
58,58,1,4,87,8,2723,124,52,176,14,139,2,real,0,15.5,6.5,2.3846153846153846,0.07954545454545454,5,-3
59,59,3,3,87,5,3472,120,126,246,15,197,2,real,1,24.0,25.2,0.9523809523809523,0.06097560975609756,6,0
60,60,1,2,87,6,1575,47,32,79,14,62,2,real,1,7.833333333333333,5.333333333333333,1.46875,0.17721518987341772,3,-1
61,61,1,1,86,12,2926,126,107,233,23,205,2,real,1,10.5,8.916666666666666,1.1775700934579438,0.09871244635193133,2,0
62,62,3,2,86,6,1876,101,45,146,15,117,2,real,1,16.833333333333332,7.5,2.2444444444444445,0.10273972602739725,5,1
63,63,1,1,86,5,2520,78,99,177,14,140,1,real,0,15.6,19.8,0.7878787878787878,0.07909604519774012,2,0
64,64,4,7,86,13,1603,69,74,143,14,113,1,real,1,5.3076923076923075,5.6923076923076925,0.9324324324324325,0.0979020979020979,11,-3
65,65,1,3,86,8,3626,194,97,291,35,291,2,real,0,24.25,12.125,2.0,0.12027491408934708,4,-2
66,66,2,-1,87,10,6783,224,110,334,28,309,2,real,1,22.4,11.0,2.036363636363636,0.08383233532934131,1,3
67,67,2,4,87,15,11361,323,184,507,35,507,2,real,0,21.533333333333335,12.266666666666667,1.7554347826086956,0.06903353057199212,6,-2
68,68,1,3,86,6,1267,42,31,73,27,67,2,real,0,7.0,5.166666666666667,1.3548387096774193,0.3698630136986301,4,-2
69,69,1,2,87,5,2548,74,43,117,25,105,2,real,1,14.8,8.6,1.7209302325581395,0.21367521367521367,3,-1
70,70,3,4,87,10,1155,101,57,158,9,117,2,real,0,10.1,5.7,1.7719298245614035,0.056962025316455694,7,-1
71,71,0,4,86,6,546,97,42,139,6,99,3,real,0,16.166666666666668,7.0,2.3095238095238093,0.04316546762589928,4,-4
72,72,2,3,84,13,2275,134,77,211,13,165,2,real,0,10.307692307692308,5.923076923076923,1.7402597402597402,0.061611374407582936,5,-1
73,73,4,5,86,26,9100,482,227,709,26,645,2,real,1,18.53846153846154,8.73076923076923,2.1233480176211454,0.036671368124118475,9,-1
74,74,0,2,84,6,595,213,73,286,6,203,3,real,0,35.5,12.166666666666666,2.9178082191780823,0.02097902097902098,2,-2
75,75,0,-1,84,22,3941,139,143,282,22,245,2,real,1,6.318181818181818,6.5,0.972027972027972,0.07801418439716312,-1,1
76,76,2,3,86,24,13860,473,182,655,40,688,2,real,1,19.708333333333332,7.583333333333333,2.598901098901099,0.061068702290076333,5,-1
77,77,4,4,85,12,1400,229,169,398,39,414,3,real,0,19.083333333333332,14.083333333333334,1.3550295857988166,0.09798994974874371,8,0
78,78,4,3,83,12,2800,227,73,300,34,297,1,real,1,18.916666666666668,6.083333333333333,3.1095890410958904,0.11333333333333333,7,1
79,79,4,4,82,24,9520,395,193,588,40,617,1,real,1,16.458333333333332,8.041666666666666,2.0466321243523318,0.06802721088435375,8,0
80,80,4,3,86,12,5880,469,176,645,43,697,3,real,0,39.083333333333336,14.666666666666666,2.664772727272727,0.06666666666666667,7,1
81,81,4,4,85,36,23940,886,241,1127,34,1116,1,real,1,24.61111111111111,6.694444444444445,3.676348547717842,0.030168589174800354,8,0
82,82,3,3,85,15,14169,203,188,511,40,468,2,synthetic,1,13.533333333333333,12.533333333333333,1.0797872340425532,0.07827788649706457,6,0
83,83,3,2,85,8,3721,43,44,95,14,88,1,synthetic,0,5.375,5.5,0.9772727272727273,0.14736842105263157,5,1
84,84,1,0,88,16,5891,207,51,259,34,219,2,synthetic,1,12.9375,3.1875,4.0588235294117645,0.13127413127413126,1,1
85,85,3,2,86,8,2489,337,60,297,39,296,3,synthetic,1,42.125,7.5,5.616666666666666,0.13131313131313133,5,1
86,86,2,0,86,4,2560,140,61,196,28,159,1,synthetic,0,35.0,15.25,2.2950819672131146,0.14285714285714285,2,2
87,87,1,1,85,14,6698,76,186,272,21,207,1,synthetic,1,5.428571428571429,13.285714285714286,0.40860215053763443,0.07720588235294118,2,0
88,88,4,4,88,8,2371,126,129,295,25,244,1,synthetic,0,15.75,16.125,0.9767441860465116,0.0847457627118644,8,0
89,89,1,3,87,20,5777,429,148,499,31,545,2,synthetic,1,21.45,7.4,2.8986486486486487,0.06212424849699399,4,-2
90,90,2,4,85,3,1574,81,43,125,6,88,2,synthetic,0,27.0,14.333333333333334,1.8837209302325582,0.048,6,-2
91,91,3,4,85,10,2008,79,127,263,15,196,2,synthetic,0,7.9,12.7,0.6220472440944882,0.057034220532319393,7,-1
92,92,2,4,83,8,2279,94,40,135,25,108,1,synthetic,0,11.75,5.0,2.35,0.18518518518518517,6,-2
93,93,2,0,85,6,2566,69,77,155,39,154,1,synthetic,0,11.5,12.833333333333334,0.8961038961038961,0.25161290322580643,2,2
94,94,3,3,85,4,1442,82,178,240,26,245,2,synthetic,0,20.5,44.5,0.4606741573033708,0.10833333333333334,6,0
95,95,1,4,86,14,7657,127,338,365,32,349,1,synthetic,1,9.071428571428571,24.142857142857142,0.3757396449704142,0.08767123287671233,5,-3
96,96,1,1,84,9,2527,56,91,128,25,102,1,synthetic,0,6.222222222222222,10.11111111111111,0.6153846153846154,0.1953125,2,0
97,97,4,3,86,9,6094,66,173,269,18,228,1,synthetic,1,7.333333333333333,19.22222222222222,0.3815028901734104,0.06691449814126393,7,1
98,98,3,4,85,5,729,105,55,176,22,147,2,synthetic,0,21.0,11.0,1.9090909090909092,0.125,7,-1
99,99,3,3,86,6,9135,203,74,284,28,291,2,synthetic,1,33.833333333333336,12.333333333333334,2.7432432432432434,0.09859154929577464,6,0
100,100,4,2,85,17,9106,307,371,794,35,678,2,synthetic,1,18.058823529411764,21.823529411764707,0.8274932614555256,0.04408060453400504,6,2
101,101,1,2,84,12,4494,288,100,427,26,462,1,synthetic,0,24.0,8.333333333333334,2.88,0.06088992974238876,3,-1
102,102,3,1,86,5,3139,95,119,248,29,216,3,synthetic,0,19.0,23.8,0.7983193277310925,0.11693548387096774,4,2
103,103,0,1,83,13,5143,85,127,250,15,211,2,synthetic,1,6.538461538461538,9.76923076923077,0.6692913385826772,0.06,1,-1
104,104,2,1,84,11,5682,306,184,467,28,481,1,synthetic,1,27.818181818181817,16.727272727272727,1.6630434782608696,0.059957173447537475,3,1
105,105,3,4,86,39,23590,814,386,1108,38,1116,1,synthetic,1,20.871794871794872,9.897435897435898,2.1088082901554404,0.03429602888086643,7,-1
106,106,1,1,85,6,2709,498,29,257,15,207,1,synthetic,1,83.0,4.833333333333333,17.17241379310345,0.058365758754863814,2,0
107,107,4,4,87,6,1582,129,44,177,29,140,3,synthetic,0,21.5,7.333333333333333,2.9318181818181817,0.1638418079096045,8,0
108,108,4,4,85,4,2247,57,120,149,27,133,1,synthetic,0,14.25,30.0,0.475,0.18120805369127516,8,0
109,109,4,1,86,8,2767,82,227,298,16,256,1,synthetic,0,10.25,28.375,0.36123348017621143,0.053691275167785234,5,3
110,110,4,4,83,6,1580,173,45,237,34,205,1,synthetic,0,28.833333333333332,7.5,3.8444444444444446,0.14345991561181434,8,0
111,111,2,-1,87,4,2226,44,131,133,26,110,2,synthetic,0,11.0,32.75,0.33587786259541985,0.19548872180451127,1,3
112,112,4,1,87,20,8646,114,248,381,28,333,1,synthetic,1,5.7,12.4,0.4596774193548387,0.07349081364829396,5,3
113,113,1,3,87,13,14241,129,385,451,32,410,1,synthetic,0,9.923076923076923,29.615384615384617,0.33506493506493507,0.07095343680709534,4,-2
114,114,3,2,86,9,2525,89,126,270,20,228,1,synthetic,0,9.88888888888889,14.0,0.7063492063492064,0.07407407407407407,5,1
115,115,3,4,87,14,3124,116,163,333,24,291,1,synthetic,0,8.285714285714286,11.642857142857142,0.7116564417177914,0.07207207207207207,7,-1
116,116,4,3,86,14,4938,140,233,450,39,457,1,synthetic,0,10.0,16.642857142857142,0.6008583690987125,0.08666666666666667,7,1
117,117,2,4,86,9,3851,128,116,296,21,276,1,synthetic,1,14.222222222222221,12.88888888888889,1.103448275862069,0.07094594594594594,6,-2
118,118,1,0,84,14,9106,310,195,491,28,470,2,synthetic,1,22.142857142857142,13.928571428571429,1.5897435897435896,0.05702647657841141,1,1
119,119,1,4,87,9,2106,105,97,204,13,155,2,synthetic,0,11.666666666666666,10.777777777777779,1.0824742268041236,0.06372549019607843,5,-3
120,120,3,2,84,8,3479,53,49,96,24,96,2,synthetic,1,6.625,6.125,1.0816326530612246,0.25,5,1
121,121,4,4,86,11,3837,78,124,219,29,191,1,synthetic,0,7.090909090909091,11.272727272727273,0.6290322580645161,0.1324200913242009,8,0
122,122,3,4,86,12,3992,227,90,295,31,336,2,synthetic,0,18.916666666666668,7.5,2.522222222222222,0.10508474576271186,7,-1
123,123,1,2,87,13,10405,353,366,716,41,678,1,synthetic,1,27.153846153846153,28.153846153846153,0.9644808743169399,0.05726256983240224,3,-1
124,124,4,3,86,9,2345,28,75,93,28,90,1,synthetic,1,3.111111111111111,8.333333333333334,0.37333333333333335,0.3010752688172043,7,1
125,125,4,4,86,11,2332,140,45,244,37,251,3,synthetic,0,12.727272727272727,4.090909090909091,3.111111111111111,0.15163934426229508,8,0
126,126,0,4,85,8,5731,71,96,178,23,134,2,synthetic,1,8.875,12.0,0.7395833333333334,0.12921348314606743,4,-4
127,127,3,1,85,8,3908,188,141,315,19,306,1,synthetic,1,23.5,17.625,1.3333333333333333,0.06031746031746032,4,2
128,128,3,1,87,22,9567,480,178,696,51,691,2,synthetic,1,21.818181818181817,8.090909090909092,2.696629213483146,0.07327586206896551,4,2
129,129,4,4,85,25,4210,265,228,478,19,367,3,synthetic,1,10.6,9.12,1.162280701754386,0.0397489539748954,8,0
130,130,2,4,88,24,7876,608,67,430,34,380,2,synthetic,0,25.333333333333332,2.7916666666666665,9.074626865671641,0.07906976744186046,6,-2
131,131,2,-1,85,8,1563,140,76,205,25,145,2,synthetic,1,17.5,9.5,1.8421052631578947,0.12195121951219512,1,3
132,132,2,4,85,6,3042,88,55,160,14,109,2,synthetic,0,14.666666666666666,9.166666666666666,1.6,0.0875,6,-2
133,133,1,4,87,11,2352,156,69,239,24,204,1,synthetic,0,14.181818181818182,6.2727272727272725,2.260869565217391,0.100418410041841,5,-3
134,134,1,1,86,8,629,37,114,155,10,115,1,synthetic,1,4.625,14.25,0.32456140350877194,0.06451612903225806,2,0
135,135,3,7,83,24,5693,125,79,266,15,190,2,synthetic,0,5.208333333333333,3.2916666666666665,1.5822784810126582,0.05639097744360902,10,-4
136,136,1,1,86,22,13906,279,353,632,28,710,1,synthetic,1,12.681818181818182,16.045454545454547,0.7903682719546742,0.04430379746835443,2,0
137,137,3,1,86,9,2270,51,140,230,11,182,1,synthetic,0,5.666666666666667,15.555555555555555,0.36428571428571427,0.04782608695652174,4,2
138,138,1,1,84,6,1515,101,42,132,22,106,1,synthetic,0,16.833333333333332,7.0,2.4047619047619047,0.16666666666666666,2,0
139,139,1,1,85,12,6098,123,135,294,15,260,1,synthetic,0,10.25,11.25,0.9111111111111111,0.05102040816326531,2,0
140,140,1,3,85,6,671,35,50,99,6,77,3,synthetic,0,5.833333333333333,8.333333333333334,0.7,0.06060606060606061,4,-2
141,141,0,1,86,4,824,87,34,102,26,87,2,synthetic,0,21.75,8.5,2.5588235294117645,0.2549019607843137,1,-1
142,142,4,1,85,12,14116,50,142,207,32,181,1,synthetic,0,4.166666666666667,11.833333333333334,0.352112676056338,0.15458937198067632,5,3
143,143,1,2,86,8,6090,200,130,322,29,309,3,synthetic,1,25.0,16.25,1.5384615384615385,0.09006211180124224,3,-1
144,144,3,2,86,12,14973,324,139,543,37,546,3,synthetic,1,27.0,11.583333333333334,2.3309352517985613,0.06813996316758748,5,1
145,145,1,-1,86,6,2886,307,71,303,38,313,1,synthetic,0,51.166666666666664,11.833333333333334,4.323943661971831,0.1254125412541254,0,2
146,146,3,4,85,5,3716,132,71,228,52,254,3,synthetic,0,26.4,14.2,1.8591549295774648,0.22807017543859648,7,-1
147,147,3,2,85,6,4205,77,105,171,33,164,1,synthetic,0,12.833333333333334,17.5,0.7333333333333333,0.19298245614035087,5,1
148,148,4,3,86,9,2300,85,100,234,18,209,1,synthetic,1,9.444444444444445,11.11111111111111,0.85,0.07692307692307693,7,1
149,149,4,4,83,36,6390,114,81,276,34,284,1,synthetic,1,3.1666666666666665,2.25,1.4074074074074074,0.12318840579710146,8,0
150,150,3,1,85,36,14059,317,327,693,36,688,2,synthetic,1,8.805555555555555,9.083333333333334,0.9694189602446484,0.05194805194805195,4,2
151,151,3,5,86,25,18095,216,165,410,35,450,1,synthetic,0,8.64,6.6,1.309090909090909,0.08536585365853659,8,-2
152,152,0,4,86,8,2440,65,38,116,15,92,2,synthetic,0,8.125,4.75,1.7105263157894737,0.12931034482758622,4,-4
153,153,0,1,85,22,5914,99,127,244,5,177,2,synthetic,1,4.5,5.7727272727272725,0.7795275590551181,0.020491803278688523,1,-1
154,154,2,4,87,30,15399,293,130,615,32,625,1,synthetic,1,9.766666666666667,4.333333333333333,2.253846153846154,0.05203252032520325,6,-2
155,155,2,3,82,9,2596,90,87,169,16,140,1,synthetic,0,10.0,9.666666666666666,1.0344827586206897,0.09467455621301775,5,-1
156,156,2,4,88,2,2322,167,18,106,23,84,1,synthetic,0,83.5,9.0,9.277777777777779,0.2169811320754717,6,-2
157,157,1,0,85,22,13502,548,242,674,36,702,1,synthetic,1,24.90909090909091,11.0,2.2644628099173554,0.05341246290801187,1,1
158,158,1,3,83,9,2473,177,91,301,35,267,2,synthetic,0,19.666666666666668,10.11111111111111,1.945054945054945,0.11627906976744186,4,-2
159,159,3,4,87,9,4102,68,199,262,22,248,1,synthetic,0,7.555555555555555,22.11111111111111,0.3417085427135678,0.08396946564885496,7,-1
160,160,1,0,86,3,2389,42,177,114,38,120,2,synthetic,0,14.0,59.0,0.23728813559322035,0.3333333333333333,1,1
161,161,2,1,85,11,3855,293,107,378,29,342,1,synthetic,1,26.636363636363637,9.727272727272727,2.7383177570093458,0.07671957671957672,3,1
162,162,3,0,87,4,3163,116,61,177,34,167,2,synthetic,0,29.0,15.25,1.901639344262295,0.192090395480226,3,3
163,163,1,3,85,5,2681,41,137,161,23,149,2,synthetic,1,8.2,27.4,0.29927007299270075,0.14285714285714285,4,-2
164,164,4,4,86,5,663,42,53,102,13,93,3,synthetic,0,8.4,10.6,0.7924528301886793,0.12745098039215685,8,0
165,165,1,1,85,4,786,36,32,85,6,73,2,synthetic,0,9.0,8.0,1.125,0.07058823529411765,2,0
166,166,3,3,84,6,4064,83,107,302,27,313,1,synthetic,0,13.833333333333334,17.833333333333332,0.7757009345794392,0.08940397350993377,6,0
167,167,1,2,87,24,5396,641,182,667,36,717,1,synthetic,1,26.708333333333332,7.583333333333333,3.521978021978022,0.053973013493253376,3,-1
168,168,3,1,85,6,2473,94,92,217,18,179,2,synthetic,0,15.666666666666666,15.333333333333334,1.0217391304347827,0.08294930875576037,4,2
169,169,3,4,86,19,11569,320,181,445,41,477,3,synthetic,1,16.842105263157894,9.526315789473685,1.7679558011049723,0.09213483146067415,7,-1
170,170,3,1,86,5,4235,125,130,252,33,271,1,synthetic,1,25.0,26.0,0.9615384615384616,0.13095238095238096,4,2
171,171,1,3,86,7,2398,99,81,178,31,160,1,synthetic,0,14.142857142857142,11.571428571428571,1.2222222222222223,0.17415730337078653,4,-2
172,172,2,1,85,22,8700,430,61,387,41,429,1,synthetic,1,19.545454545454547,2.772727272727273,7.049180327868853,0.10594315245478036,3,1
173,173,4,3,87,24,23608,302,268,707,52,715,2,synthetic,1,12.583333333333334,11.166666666666666,1.126865671641791,0.07355021216407355,7,1
174,174,1,2,83,4,820,46,37,81,18,87,1,synthetic,1,11.5,9.25,1.2432432432432432,0.2222222222222222,3,-1
175,175,1,4,85,8,2904,196,43,242,26,202,1,synthetic,1,24.5,5.375,4.558139534883721,0.10743801652892562,5,-3
176,176,3,7,85,9,2227,82,58,146,29,141,2,synthetic,1,9.11111111111111,6.444444444444445,1.4137931034482758,0.19863013698630136,10,-4
177,177,1,1,85,13,3203,209,98,254,36,301,1,synthetic,0,16.076923076923077,7.538461538461538,2.13265306122449,0.14173228346456693,2,0
178,178,1,1,88,10,4188,211,294,513,24,482,1,synthetic,0,21.1,29.4,0.717687074829932,0.04678362573099415,2,0
179,179,1,2,86,24,5631,253,129,515,52,579,1,synthetic,1,10.541666666666666,5.375,1.9612403100775193,0.10097087378640776,3,-1
180,180,1,4,86,14,14476,342,151,575,43,609,1,synthetic,1,24.428571428571427,10.785714285714286,2.2649006622516556,0.07478260869565218,5,-3
181,181,3,4,88,23,14754,411,205,656,48,662,1,synthetic,0,17.869565217391305,8.91304347826087,2.004878048780488,0.07317073170731707,7,-1
182,182,3,2,84,10,8752,197,140,297,42,341,1,synthetic,0,19.7,14.0,1.4071428571428573,0.1414141414141414,5,1
183,183,4,4,86,14,5792,452,125,507,42,611,1,synthetic,0,32.285714285714285,8.928571428571429,3.616,0.08284023668639054,8,0
184,184,1,3,85,17,2973,179,69,327,12,233,2,synthetic,1,10.529411764705882,4.0588235294117645,2.5942028985507246,0.03669724770642202,4,-2
185,185,3,4,82,12,2677,420,40,235,34,221,2,synthetic,0,35.0,3.3333333333333335,10.5,0.14468085106382977,7,-1
186,186,1,3,86,12,2570,68,146,253,18,218,1,synthetic,1,5.666666666666667,12.166666666666666,0.4657534246575342,0.07114624505928854,4,-2
187,187,1,0,87,5,2276,120,51,182,14,156,1,synthetic,0,24.0,10.2,2.3529411764705883,0.07692307692307693,1,1
188,188,2,4,87,14,5462,238,161,481,39,502,2,synthetic,1,17.0,11.5,1.4782608695652173,0.08108108108108109,6,-2
189,189,4,3,87,23,5227,550,115,527,34,504,1,synthetic,1,23.91304347826087,5.0,4.782608695652174,0.06451612903225806,7,1
190,190,4,2,84,8,801,71,19,74,27,67,1,synthetic,0,8.875,2.375,3.736842105263158,0.36486486486486486,6,2
191,191,3,1,86,9,3782,72,241,289,25,306,1,synthetic,0,8.0,26.77777777777778,0.2987551867219917,0.08650519031141868,4,2
192,192,3,0,86,8,2420,59,60,170,31,151,2,synthetic,0,7.375,7.5,0.9833333333333333,0.18235294117647058,3,3
193,193,3,4,84,21,5998,133,244,423,35,467,1,synthetic,1,6.333333333333333,11.619047619047619,0.5450819672131147,0.08274231678486997,7,-1
194,194,4,3,86,22,8598,739,107,703,38,685,2,synthetic,1,33.59090909090909,4.863636363636363,6.906542056074766,0.05405405405405406,7,1
195,195,1,1,87,12,5943,134,127,345,39,391,2,synthetic,0,11.166666666666666,10.583333333333334,1.0551181102362204,0.11304347826086956,2,0
196,196,2,3,84,14,2633,129,42,187,28,146,3,synthetic,1,9.214285714285714,3.0,3.0714285714285716,0.1497326203208556,5,-1
197,197,4,2,85,5,2619,177,171,319,42,360,1,synthetic,1,35.4,34.2,1.0350877192982457,0.13166144200626959,6,2
198,198,2,4,85,13,2152,324,143,455,29,430,2,synthetic,1,24.923076923076923,11.0,2.265734265734266,0.06373626373626373,6,-2
199,199,3,2,85,6,2747,227,91,289,36,272,1,synthetic,1,37.833333333333336,15.166666666666666,2.4945054945054945,0.1245674740484429,5,1
200,200,4,1,86,8,2066,46,148,150,29,138,1,synthetic,0,5.75,18.5,0.3108108108108108,0.19333333333333333,5,3
201,201,3,3,86,5,3871,88,41,113,42,125,1,synthetic,0,17.6,8.2,2.1463414634146343,0.37168141592920356,6,0
202,202,2,2,85,8,12443,219,168,501,39,489,1,synthetic,1,27.375,21.0,1.3035714285714286,0.07784431137724551,4,0
203,203,2,3,85,9,5210,159,169,347,33,305,2,synthetic,1,17.666666666666668,18.77777777777778,0.9408284023668639,0.09510086455331412,5,-1
204,204,4,4,86,21,899,465,50,435,14,373,1,synthetic,0,22.142857142857142,2.380952380952381,9.3,0.03218390804597701,8,0
205,205,1,1,87,24,7454,304,230,605,35,576,1,synthetic,1,12.666666666666666,9.583333333333334,1.3217391304347825,0.05785123966942149,2,0
206,206,4,4,87,14,10970,308,330,717,36,702,1,synthetic,0,22.0,23.571428571428573,0.9333333333333333,0.0502092050209205,8,0
207,207,1,2,88,5,2240,136,77,249,38,238,2,synthetic,1,27.2,15.4,1.7662337662337662,0.15261044176706828,3,-1
208,208,2,4,85,20,2888,267,148,417,35,433,1,synthetic,0,13.35,7.4,1.804054054054054,0.08393285371702638,6,-2
209,209,2,3,87,10,2177,51,191,197,13,125,2,synthetic,1,5.1,19.1,0.2670157068062827,0.06598984771573604,5,-1
210,210,1,0,86,19,14096,179,387,758,36,661,2,synthetic,1,9.421052631578947,20.36842105263158,0.4625322997416021,0.047493403693931395,1,1
211,211,4,2,87,5,3942,449,172,522,48,691,2,synthetic,0,89.8,34.4,2.61046511627907,0.09195402298850575,6,2
212,212,4,4,86,12,3877,95,100,171,27,141,1,synthetic,1,7.916666666666667,8.333333333333334,0.95,0.15789473684210525,8,0
213,213,1,2,85,19,12758,99,122,266,18,252,2,synthetic,1,5.2105263157894735,6.421052631578948,0.8114754098360656,0.06766917293233082,3,-1
214,214,3,1,85,11,2058,80,88,161,29,127,1,synthetic,1,7.2727272727272725,8.0,0.9090909090909091,0.18012422360248448,4,2
215,215,3,4,86,23,8648,168,207,444,34,443,2,synthetic,1,7.304347826086956,9.0,0.8115942028985508,0.07657657657657657,7,-1
216,216,1,1,88,4,4965,54,60,106,35,101,2,synthetic,0,13.5,15.0,0.9,0.330188679245283,2,0
217,217,4,3,87,12,2920,472,43,342,37,351,1,synthetic,1,39.333333333333336,3.5833333333333335,10.976744186046512,0.10818713450292397,7,1
218,218,2,2,87,10,3545,245,262,493,18,434,2,synthetic,1,24.5,26.2,0.9351145038167938,0.036511156186612576,4,0
219,219,4,3,83,34,22522,235,377,795,39,837,1,synthetic,1,6.911764705882353,11.088235294117647,0.623342175066313,0.04905660377358491,7,1
220,220,1,1,86,6,832,95,41,126,6,102,1,synthetic,1,15.833333333333334,6.833333333333333,2.317073170731707,0.047619047619047616,2,0
221,221,4,0,85,13,11631,96,371,438,31,443,1,synthetic,1,7.384615384615385,28.53846153846154,0.2587601078167116,0.07077625570776255,4,4
222,222,3,3,85,14,2823,170,44,201,18,157,3,synthetic,1,12.142857142857142,3.142857142857143,3.8636363636363638,0.08955223880597014,6,0
223,223,4,4,87,17,2821,121,244,377,44,423,2,synthetic,0,7.117647058823529,14.352941176470589,0.4959016393442623,0.11671087533156499,8,0
224,224,2,2,85,12,3746,229,162,341,18,318,2,synthetic,0,19.083333333333332,13.5,1.4135802469135803,0.05278592375366569,4,0
225,225,3,1,86,3,2022,299,43,271,35,297,3,synthetic,0,99.66666666666667,14.333333333333334,6.953488372093023,0.12915129151291513,4,2
226,226,4,3,85,12,5989,117,235,347,26,306,1,synthetic,1,9.75,19.583333333333332,0.4978723404255319,0.07492795389048991,7,1
227,227,1,2,87,9,6520,222,111,376,38,429,3,synthetic,0,24.666666666666668,12.333333333333334,2.0,0.10106382978723404,3,-1
228,228,2,1,88,5,2110,66,56,128,30,109,1,synthetic,0,13.2,11.2,1.1785714285714286,0.234375,3,1
229,229,3,3,86,4,704,55,30,85,34,86,2,synthetic,1,13.75,7.5,1.8333333333333333,0.4,6,0
230,230,2,4,87,12,3056,92,91,200,25,191,2,synthetic,1,7.666666666666667,7.583333333333333,1.010989010989011,0.125,6,-2
231,231,2,3,86,20,14156,104,51,214,18,170,1,synthetic,0,5.2,2.55,2.0392156862745097,0.08411214953271028,5,-1
232,232,1,-1,86,9,6549,130,34,131,33,115,1,synthetic,0,14.444444444444445,3.7777777777777777,3.823529411764706,0.25190839694656486,0,2
233,233,2,3,86,14,5380,99,272,349,28,314,1,synthetic,0,7.071428571428571,19.428571428571427,0.3639705882352941,0.08022922636103152,5,-1
234,234,1,1,85,8,9609,82,56,192,31,154,3,synthetic,1,10.25,7.0,1.4642857142857142,0.16145833333333334,2,0
235,235,4,3,86,31,15165,226,387,735,43,721,1,synthetic,1,7.290322580645161,12.483870967741936,0.5839793281653747,0.058503401360544216,7,1
236,236,4,5,86,12,2703,171,68,327,26,321,1,synthetic,1,14.25,5.666666666666667,2.514705882352941,0.07951070336391437,9,-1
237,237,2,1,87,5,4747,76,51,156,38,178,2,synthetic,0,15.2,10.2,1.4901960784313726,0.24358974358974358,3,1
238,238,4,2,85,5,4724,96,94,266,35,258,1,synthetic,0,19.2,18.8,1.0212765957446808,0.13157894736842105,6,2
239,239,4,3,83,19,8215,236,323,683,42,692,1,synthetic,1,12.421052631578947,17.0,0.7306501547987616,0.06149341142020498,7,1
240,240,2,1,86,5,609,222,20,142,18,110,2,synthetic,0,44.4,4.0,11.1,0.1267605633802817,3,1
241,241,4,4,84,8,2822,139,77,292,32,309,1,synthetic,0,17.375,9.625,1.8051948051948052,0.1095890410958904,8,0
242,242,4,4,86,13,1960,166,56,229,29,197,2,synthetic,0,12.76923076923077,4.3076923076923075,2.9642857142857144,0.12663755458515283,8,0
243,243,2,3,85,27,9122,832,209,802,40,821,1,synthetic,1,30.814814814814813,7.7407407407407405,3.9808612440191387,0.04987531172069826,5,-1
244,244,4,4,85,12,2105,104,51,168,30,159,1,synthetic,0,8.666666666666666,4.25,2.0392156862745097,0.17857142857142858,8,0
245,245,3,1,87,13,10766,146,145,282,29,317,1,synthetic,1,11.23076923076923,11.153846153846153,1.006896551724138,0.10283687943262411,4,2
246,246,2,3,85,6,2056,147,49,262,19,212,1,synthetic,0,24.5,8.166666666666666,3.0,0.07251908396946564,5,-1
247,247,4,1,86,4,618,120,33,166,19,148,3,synthetic,0,30.0,8.25,3.6363636363636362,0.1144578313253012,5,3
248,248,4,7,87,37,21780,676,383,1127,34,1080,3,synthetic,0,18.27027027027027,10.35135135135135,1.7650130548302871,0.030168589174800354,11,-3
249,249,2,3,87,8,3951,210,98,426,24,335,1,synthetic,0,26.25,12.25,2.142857142857143,0.056338028169014086,5,-1
250,250,1,-1,86,8,3243,309,93,311,48,352,1,synthetic,1,38.625,11.625,3.3225806451612905,0.15434083601286175,0,2
251,251,3,3,86,6,2322,188,174,476,23,348,1,synthetic,1,31.333333333333332,29.0,1.0804597701149425,0.04831932773109244,6,0
252,252,2,0,86,11,4004,124,45,179,26,133,1,synthetic,1,11.272727272727273,4.090909090909091,2.7555555555555555,0.1452513966480447,2,2
253,253,-1,1,84,17,14875,250,135,440,22,354,1,synthetic,1,14.705882352941176,7.9411764705882355,1.8518518518518519,0.05,0,-2
254,254,4,4,86,12,3690,86,76,191,28,169,2,synthetic,0,7.166666666666667,6.333333333333333,1.131578947368421,0.14659685863874344,8,0
255,255,1,4,84,9,2925,83,33,117,25,110,1,synthetic,0,9.222222222222221,3.6666666666666665,2.515151515151515,0.21367521367521367,5,-3
256,256,2,4,87,4,1092,124,32,132,11,100,1,synthetic,1,31.0,8.0,3.875,0.08333333333333333,6,-2
257,257,2,0,84,16,3993,108,128,316,18,281,1,synthetic,1,6.75,8.0,0.84375,0.056962025316455694,2,2
258,258,3,4,87,12,3541,88,114,202,5,135,1,synthetic,0,7.333333333333333,9.5,0.7719298245614035,0.024752475247524754,7,-1
259,259,4,0,86,5,3807,317,76,308,38,353,2,synthetic,1,63.4,15.2,4.171052631578948,0.12337662337662338,4,4
260,260,1,1,85,6,1571,108,112,285,21,245,1,synthetic,1,18.0,18.666666666666668,0.9642857142857143,0.07368421052631578,2,0
261,261,0,3,86,8,2639,784,68,500,25,450,1,synthetic,1,98.0,8.5,11.529411764705882,0.05,3,-3
262,262,2,1,85,15,3555,475,175,525,43,624,1,synthetic,1,31.666666666666668,11.666666666666666,2.7142857142857144,0.08190476190476191,3,1
263,263,4,4,86,6,2147,179,49,223,16,188,3,synthetic,0,29.833333333333332,8.166666666666666,3.6530612244897958,0.07174887892376682,8,0
264,264,4,3,84,12,12823,172,235,373,43,394,1,synthetic,0,14.333333333333334,19.583333333333332,0.7319148936170212,0.11528150134048257,7,1
265,265,4,4,85,39,19081,473,318,817,39,684,2,synthetic,1,12.128205128205128,8.153846153846153,1.4874213836477987,0.04773561811505508,8,0
266,266,2,4,88,6,4295,289,88,287,26,287,1,synthetic,1,48.166666666666664,14.666666666666666,3.284090909090909,0.09059233449477352,6,-2
267,267,2,1,87,6,4576,192,91,275,31,239,3,synthetic,1,32.0,15.166666666666666,2.10989010989011,0.11272727272727273,3,1
268,268,4,3,86,23,20369,473,198,714,44,652,2,synthetic,1,20.565217391304348,8.608695652173912,2.388888888888889,0.06162464985994398,7,1
269,269,3,1,84,16,5018,212,129,399,36,399,1,synthetic,0,13.25,8.0625,1.6434108527131783,0.09022556390977443,4,2
270,270,4,1,87,12,15232,117,127,282,38,313,2,synthetic,1,9.75,10.583333333333334,0.9212598425196851,0.1347517730496454,5,3
271,271,3,4,86,22,9362,190,255,635,31,589,2,synthetic,1,8.636363636363637,11.590909090909092,0.7450980392156863,0.048818897637795275,7,-1
272,272,4,3,86,3,2560,59,73,155,28,124,1,synthetic,0,19.666666666666668,24.333333333333332,0.8082191780821918,0.18064516129032257,7,1
273,273,1,3,87,8,4548,238,61,292,24,302,1,synthetic,0,29.75,7.625,3.901639344262295,0.0821917808219178,4,-2
274,274,3,4,86,11,2729,126,94,286,7,191,2,synthetic,0,11.454545454545455,8.545454545454545,1.3404255319148937,0.024475524475524476,7,-1
275,275,1,3,88,23,6619,221,167,490,18,403,2,synthetic,1,9.608695652173912,7.260869565217392,1.3233532934131738,0.036734693877551024,4,-2
276,276,4,4,86,13,8576,40,316,207,12,156,2,synthetic,0,3.076923076923077,24.307692307692307,0.12658227848101267,0.057971014492753624,8,0
277,277,4,4,84,21,17069,503,387,1083,40,1042,2,synthetic,1,23.952380952380953,18.428571428571427,1.2997416020671835,0.03693444136657433,8,0
278,278,2,1,86,34,9320,298,224,604,47,682,2,synthetic,1,8.764705882352942,6.588235294117647,1.3303571428571428,0.07781456953642384,3,1
279,279,2,1,87,4,1425,79,42,119,13,96,2,synthetic,1,19.75,10.5,1.880952380952381,0.1092436974789916,3,1
280,280,0,3,86,9,1223,90,38,139,25,113,2,synthetic,1,10.0,4.222222222222222,2.3684210526315788,0.17985611510791366,3,-3
281,281,2,3,87,14,5748,125,128,255,39,256,1,synthetic,1,8.928571428571429,9.142857142857142,0.9765625,0.15294117647058825,5,-1
282,282,4,4,85,8,1165,35,41,79,26,70,3,synthetic,0,4.375,5.125,0.8536585365853658,0.3291139240506329,8,0
283,283,4,3,86,12,13669,301,127,409,26,366,1,synthetic,0,25.083333333333332,10.583333333333334,2.37007874015748,0.06356968215158924,7,1
284,284,2,1,88,7,3782,108,59,181,34,182,1,synthetic,0,15.428571428571429,8.428571428571429,1.8305084745762712,0.1878453038674033,3,1
285,285,4,4,86,12,6962,185,233,447,33,485,2,synthetic,0,15.416666666666666,19.416666666666668,0.7939914163090128,0.0738255033557047,8,0
286,286,1,2,85,8,2936,124,34,127,22,102,1,synthetic,0,15.5,4.25,3.6470588235294117,0.1732283464566929,3,-1
287,287,1,4,87,6,3826,190,51,299,15,251,1,synthetic,0,31.666666666666668,8.5,3.7254901960784315,0.05016722408026756,5,-3
288,288,4,3,86,25,6905,258,180,433,39,527,1,synthetic,0,10.32,7.2,1.4333333333333333,0.09006928406466513,7,1
289,289,0,3,87,4,2484,180,38,167,13,116,2,synthetic,0,45.0,9.5,4.7368421052631575,0.07784431137724551,3,-3
290,290,2,4,85,21,14943,195,211,364,27,356,3,synthetic,1,9.285714285714286,10.047619047619047,0.9241706161137441,0.07417582417582418,6,-2
291,291,4,2,84,8,3451,133,55,222,31,204,1,synthetic,0,16.625,6.875,2.418181818181818,0.13963963963963963,6,2
292,292,3,3,83,8,3107,120,78,198,43,222,1,synthetic,1,15.0,9.75,1.5384615384615385,0.21717171717171718,6,0
293,293,2,4,87,9,5865,185,110,318,17,306,1,synthetic,0,20.555555555555557,12.222222222222221,1.6818181818181819,0.05345911949685535,6,-2
294,294,1,2,85,23,22313,477,324,699,36,660,1,synthetic,1,20.73913043478261,14.08695652173913,1.4722222222222223,0.05150214592274678,3,-1
295,295,1,2,86,6,642,128,33,131,35,109,1,synthetic,0,21.333333333333332,5.5,3.878787878787879,0.26717557251908397,3,-1
296,296,-1,0,86,13,15539,126,239,351,27,366,1,synthetic,1,9.692307692307692,18.384615384615383,0.5271966527196653,0.07692307692307693,-1,-1
297,297,0,2,86,12,7888,212,140,340,35,361,1,synthetic,1,17.666666666666668,11.666666666666666,1.5142857142857142,0.10294117647058823,2,-2
298,298,3,3,86,13,4223,314,108,324,41,319,1,synthetic,0,24.153846153846153,8.307692307692308,2.9074074074074074,0.12654320987654322,6,0
299,299,1,1,86,18,1914,854,109,692,30,697,1,synthetic,1,47.44444444444444,6.055555555555555,7.834862385321101,0.04335260115606936,2,0
300,300,3,4,85,14,4894,166,119,308,40,334,2,synthetic,1,11.857142857142858,8.5,1.3949579831932772,0.12987012987012986,7,-1
301,301,-1,1,88,8,2957,117,133,287,12,260,3,synthetic,0,14.625,16.625,0.8796992481203008,0.041811846689895474,0,-2
302,302,1,0,86,6,4046,229,104,349,40,322,3,synthetic,1,38.166666666666664,17.333333333333332,2.201923076923077,0.11461318051575932,1,1
303,303,3,4,87,17,11923,323,222,637,38,625,2,synthetic,1,19.0,13.058823529411764,1.454954954954955,0.059654631083202514,7,-1
304,304,2,1,85,6,2619,69,61,108,27,94,1,synthetic,0,11.5,10.166666666666666,1.1311475409836065,0.25,3,1
305,305,1,3,85,15,2299,94,53,161,24,121,2,synthetic,0,6.266666666666667,3.533333333333333,1.7735849056603774,0.14906832298136646,4,-2
306,306,2,-1,85,12,2486,132,87,280,13,194,1,synthetic,0,11.0,7.25,1.5172413793103448,0.04642857142857143,1,3
307,307,2,4,85,24,8451,175,281,454,36,465,2,synthetic,0,7.291666666666667,11.708333333333334,0.6227758007117438,0.07929515418502203,6,-2
308,308,4,7,88,17,3613,183,49,210,19,164,2,synthetic,0,10.764705882352942,2.8823529411764706,3.7346938775510203,0.09047619047619047,11,-3
309,309,2,1,87,15,6092,199,112,347,40,334,2,synthetic,1,13.266666666666667,7.466666666666667,1.7767857142857142,0.11527377521613832,3,1
310,310,1,1,87,4,846,57,75,146,19,113,3,synthetic,1,14.25,18.75,0.76,0.13013698630136986,2,0
311,311,2,3,85,9,3975,98,34,120,39,129,2,synthetic,0,10.88888888888889,3.7777777777777777,2.8823529411764706,0.325,5,-1
312,312,4,4,86,13,4268,114,123,289,36,316,2,synthetic,0,8.76923076923077,9.461538461538462,0.926829268292683,0.1245674740484429,8,0
313,313,1,2,84,12,2253,41,70,99,12,88,1,synthetic,0,3.4166666666666665,5.833333333333333,0.5857142857142857,0.12121212121212122,3,-1
314,314,1,4,86,12,4076,248,58,338,27,320,3,synthetic,1,20.666666666666668,4.833333333333333,4.275862068965517,0.07988165680473373,5,-3
315,315,1,-1,87,12,6134,120,82,233,18,203,1,synthetic,0,10.0,6.833333333333333,1.4634146341463414,0.07725321888412018,0,2
316,316,1,3,86,8,3799,99,94,230,15,179,3,synthetic,1,12.375,11.75,1.053191489361702,0.06521739130434782,4,-2
317,317,1,2,86,5,546,58,115,193,13,153,1,synthetic,1,11.6,23.0,0.5043478260869565,0.06735751295336788,3,-1
318,318,2,4,85,5,3927,187,119,342,33,345,1,synthetic,0,37.4,23.8,1.5714285714285714,0.09649122807017543,6,-2
319,319,3,3,85,7,3300,296,41,219,35,191,2,synthetic,0,42.285714285714285,5.857142857142857,7.219512195121951,0.1598173515981735,6,0
320,320,2,3,86,9,9119,67,110,176,14,138,1,synthetic,1,7.444444444444445,12.222222222222221,0.6090909090909091,0.07954545454545454,5,-1
321,321,4,4,88,13,2395,93,89,168,35,197,2,synthetic,0,7.153846153846154,6.846153846153846,1.0449438202247192,0.20833333333333334,8,0
322,322,1,2,85,12,8493,495,70,388,27,325,1,synthetic,0,41.25,5.833333333333333,7.071428571428571,0.06958762886597938,3,-1
323,323,3,4,83,12,3003,151,56,279,12,223,3,synthetic,1,12.583333333333334,4.666666666666667,2.6964285714285716,0.043010752688172046,7,-1
324,324,4,4,87,12,3477,123,235,276,38,291,2,synthetic,1,10.25,19.583333333333332,0.5234042553191489,0.13768115942028986,8,0
325,325,2,1,84,13,2046,176,206,307,25,299,2,synthetic,1,13.538461538461538,15.846153846153847,0.8543689320388349,0.08143322475570032,3,1
326,326,3,3,85,8,3895,349,80,390,24,318,1,synthetic,1,43.625,10.0,4.3625,0.06153846153846154,6,0
327,327,3,4,85,15,3870,164,56,252,37,243,1,synthetic,0,10.933333333333334,3.7333333333333334,2.9285714285714284,0.14682539682539683,7,-1
328,328,1,3,87,8,2938,463,56,289,26,310,2,synthetic,0,57.875,7.0,8.267857142857142,0.08996539792387544,4,-2
329,329,2,1,86,18,14630,183,84,327,29,318,1,synthetic,0,10.166666666666666,4.666666666666667,2.1785714285714284,0.08868501529051988,3,1
330,330,0,3,86,4,2547,112,39,150,30,108,1,synthetic,0,28.0,9.75,2.871794871794872,0.2,3,-3
331,331,3,5,87,5,4918,122,60,177,28,156,2,synthetic,0,24.4,12.0,2.033333333333333,0.15819209039548024,8,-2
332,332,2,4,86,5,1945,46,93,145,15,96,1,synthetic,0,9.2,18.6,0.4946236559139785,0.10344827586206896,6,-2
333,333,2,4,83,13,9131,104,268,433,14,352,1,synthetic,1,8.0,20.615384615384617,0.3880597014925373,0.03233256351039261,6,-2
334,334,1,2,86,12,3192,95,95,180,13,134,1,synthetic,1,7.916666666666667,7.916666666666667,1.0,0.07222222222222222,3,-1
335,335,1,3,85,11,1317,71,123,205,12,153,1,synthetic,0,6.454545454545454,11.181818181818182,0.5772357723577236,0.05853658536585366,4,-2
336,336,4,3,86,8,7905,438,174,587,30,602,2,synthetic,1,54.75,21.75,2.5172413793103448,0.05110732538330494,7,1
337,337,3,4,85,25,12307,108,324,387,30,345,1,synthetic,1,4.32,12.96,0.3333333333333333,0.07751937984496124,7,-1
338,338,4,7,87,23,4995,273,278,627,42,659,3,synthetic,0,11.869565217391305,12.08695652173913,0.9820143884892086,0.06698564593301436,11,-3
339,339,3,4,86,14,7972,136,123,244,34,295,1,synthetic,0,9.714285714285714,8.785714285714286,1.1056910569105691,0.13934426229508196,7,-1
340,340,3,4,86,12,5621,85,121,268,35,225,1,synthetic,1,7.083333333333333,10.083333333333334,0.7024793388429752,0.13059701492537312,7,-1
341,341,2,0,88,7,5440,204,116,319,35,313,2,synthetic,0,29.142857142857142,16.571428571428573,1.7586206896551724,0.109717868338558,2,2
342,342,4,4,86,13,3468,44,253,236,14,159,1,synthetic,0,3.3846153846153846,19.46153846153846,0.17391304347826086,0.059322033898305086,8,0
343,343,1,4,86,14,6894,89,308,388,25,322,2,synthetic,0,6.357142857142857,22.0,0.288961038961039,0.06443298969072164,5,-3
344,344,0,2,86,5,603,33,80,99,24,87,2,synthetic,0,6.6,16.0,0.4125,0.24242424242424243,2,-2
345,345,0,0,87,14,4806,134,114,303,34,291,1,synthetic,1,9.571428571428571,8.142857142857142,1.1754385964912282,0.11221122112211221,0,0
346,346,2,0,86,5,3686,68,50,142,28,125,2,synthetic,0,13.6,10.0,1.36,0.19718309859154928,2,2
347,347,1,1,85,5,3700,223,34,150,19,117,1,synthetic,0,44.6,6.8,6.5588235294117645,0.12666666666666668,2,0
348,348,2,0,85,5,1186,97,50,135,27,107,1,synthetic,0,19.4,10.0,1.94,0.2,2,2
349,349,2,4,86,24,3100,322,171,406,35,489,1,synthetic,1,13.416666666666666,7.125,1.8830409356725146,0.08620689655172414,6,-2
350,350,1,1,85,13,6269,290,133,427,19,389,3,synthetic,1,22.307692307692307,10.23076923076923,2.180451127819549,0.04449648711943794,2,0
351,351,4,3,84,12,1631,130,93,273,34,268,1,synthetic,0,10.833333333333334,7.75,1.3978494623655915,0.12454212454212454,7,1
352,352,3,1,86,10,3499,152,78,250,38,223,2,synthetic,0,15.2,7.8,1.9487179487179487,0.152,4,2
353,353,0,4,88,21,2419,269,72,296,22,330,1,synthetic,0,12.80952380952381,3.4285714285714284,3.736111111111111,0.07432432432432433,4,-4
354,354,1,1,85,5,1165,83,39,126,35,113,1,synthetic,0,16.6,7.8,2.128205128205128,0.2777777777777778,2,0
355,355,3,4,86,14,4588,256,145,392,37,430,1,synthetic,1,18.285714285714285,10.357142857142858,1.7655172413793103,0.09438775510204081,7,-1
356,356,1,2,87,13,3839,299,305,604,18,554,2,synthetic,1,23.0,23.46153846153846,0.980327868852459,0.029801324503311258,3,-1
357,357,4,3,87,24,3626,269,83,426,46,474,2,synthetic,0,11.208333333333334,3.4583333333333335,3.2409638554216866,0.107981220657277,7,1
358,358,1,4,86,8,2745,128,33,141,16,107,1,synthetic,1,16.0,4.125,3.878787878787879,0.11347517730496454,5,-3
359,359,4,1,86,17,5409,138,235,393,37,453,2,synthetic,1,8.117647058823529,13.823529411764707,0.5872340425531914,0.09414758269720101,5,3
360,360,2,1,84,5,1121,478,77,325,19,311,1,synthetic,1,95.6,15.4,6.207792207792208,0.05846153846153846,3,1
361,361,3,4,87,10,3422,177,102,218,26,176,3,synthetic,0,17.7,10.2,1.7352941176470589,0.11926605504587157,7,-1
362,362,2,7,87,14,3693,280,145,543,28,521,2,synthetic,1,20.0,10.357142857142858,1.9310344827586208,0.05156537753222836,9,-5
363,363,1,3,85,5,3133,67,54,135,31,126,2,synthetic,0,13.4,10.8,1.2407407407407407,0.22962962962962963,4,-2
364,364,1,1,83,5,834,70,40,165,19,124,2,synthetic,1,14.0,8.0,1.75,0.11515151515151516,2,0
365,365,1,4,84,36,3455,71,345,397,10,300,1,synthetic,0,1.9722222222222223,9.583333333333334,0.20579710144927535,0.02518891687657431,5,-3
366,366,-1,1,85,9,5699,99,113,200,25,151,2,synthetic,1,11.0,12.555555555555555,0.8761061946902655,0.125,0,-2
367,367,1,1,85,13,8790,179,135,301,34,301,1,synthetic,0,13.76923076923077,10.384615384615385,1.325925925925926,0.11295681063122924,2,0
368,368,4,3,84,27,17901,315,387,882,49,967,1,synthetic,1,11.666666666666666,14.333333333333334,0.813953488372093,0.05555555555555555,7,1
369,369,4,4,85,9,1348,89,48,141,32,132,2,synthetic,0,9.88888888888889,5.333333333333333,1.8541666666666667,0.22695035460992907,8,0
370,370,2,3,85,16,1185,97,89,244,15,153,1,synthetic,0,6.0625,5.5625,1.0898876404494382,0.06147540983606557,5,-1
371,371,3,2,85,5,1656,83,42,98,33,97,1,synthetic,0,16.6,8.4,1.9761904761904763,0.336734693877551,5,1
372,372,3,1,85,9,3717,181,130,295,34,299,1,synthetic,1,20.11111111111111,14.444444444444445,1.3923076923076922,0.1152542372881356,4,2
373,373,4,4,86,19,6792,442,179,581,49,658,1,synthetic,0,23.263157894736842,9.421052631578947,2.46927374301676,0.08433734939759036,8,0
374,374,1,1,84,13,5161,184,119,449,37,432,1,synthetic,1,14.153846153846153,9.153846153846153,1.546218487394958,0.08240534521158129,2,0
375,375,4,1,84,13,15074,187,122,313,34,320,2,synthetic,1,14.384615384615385,9.384615384615385,1.5327868852459017,0.10862619808306709,5,3
376,376,1,0,85,9,5874,97,261,331,40,343,1,synthetic,1,10.777777777777779,29.0,0.3716475095785441,0.12084592145015106,1,1
377,377,4,1,86,16,7307,255,78,295,37,327,2,synthetic,0,15.9375,4.875,3.269230769230769,0.12542372881355932,5,3
378,378,3,1,86,14,2696,198,122,307,35,324,1,synthetic,1,14.142857142857142,8.714285714285714,1.6229508196721312,0.11400651465798045,4,2
379,379,1,1,87,3,1629,35,54,93,26,76,1,synthetic,1,11.666666666666666,18.0,0.6481481481481481,0.27956989247311825,2,0
380,380,2,4,86,13,4717,223,46,302,35,278,1,synthetic,1,17.153846153846153,3.5384615384615383,4.8478260869565215,0.11589403973509933,6,-2
381,381,2,3,88,9,3913,305,153,378,35,431,1,synthetic,1,33.888888888888886,17.0,1.9934640522875817,0.09259259259259259,5,-1
382,382,3,4,86,36,17283,440,376,905,36,759,2,synthetic,1,12.222222222222221,10.444444444444445,1.1702127659574468,0.039779005524861875,7,-1
383,383,4,3,87,27,13555,109,310,287,41,333,2,synthetic,1,4.037037037037037,11.481481481481481,0.35161290322580646,0.14285714285714285,7,1
384,384,1,3,86,28,5976,130,348,654,26,654,1,synthetic,1,4.642857142857143,12.428571428571429,0.3735632183908046,0.039755351681957186,4,-2
385,385,4,3,82,8,7931,430,163,467,52,623,1,synthetic,0,53.75,20.375,2.638036809815951,0.11134903640256959,7,1
386,386,2,3,88,24,14326,320,223,666,37,579,2,synthetic,1,13.333333333333334,9.291666666666666,1.4349775784753362,0.05555555555555555,5,-1
387,387,2,3,86,5,2404,93,170,320,22,301,1,synthetic,1,18.6,34.0,0.5470588235294118,0.06875,5,-1
388,388,2,2,86,12,2629,70,125,216,15,194,1,synthetic,1,5.833333333333333,10.416666666666666,0.56,0.06944444444444445,4,0
389,389,1,3,85,13,4458,231,85,301,28,312,2,synthetic,1,17.76923076923077,6.538461538461538,2.7176470588235295,0.09302325581395349,4,-2
390,390,2,0,85,6,2533,95,60,174,34,156,1,synthetic,1,15.833333333333334,10.0,1.5833333333333333,0.19540229885057472,2,2
391,391,1,0,86,4,1492,70,39,101,18,82,3,synthetic,1,17.5,9.75,1.794871794871795,0.1782178217821782,1,1
392,392,3,2,86,8,2086,99,45,176,8,113,2,synthetic,1,12.375,5.625,2.2,0.045454545454545456,5,1
393,393,3,3,85,39,15566,210,274,442,33,424,1,synthetic,1,5.384615384615385,7.0256410256410255,0.7664233576642335,0.0746606334841629,6,0
394,394,4,3,86,10,2744,309,64,434,40,475,1,synthetic,1,30.9,6.4,4.828125,0.09216589861751152,7,1
395,395,3,4,85,4,1162,125,52,137,26,126,2,synthetic,1,31.25,13.0,2.4038461538461537,0.1897810218978102,7,-1
396,396,4,4,85,17,5156,69,106,241,24,200,1,synthetic,1,4.0588235294117645,6.235294117647059,0.6509433962264151,0.0995850622406639,8,0
397,397,2,4,87,26,22999,311,336,622,45,697,3,synthetic,1,11.961538461538462,12.923076923076923,0.9255952380952381,0.07234726688102894,6,-2
398,398,3,1,87,6,1807,71,49,117,32,102,2,synthetic,0,11.833333333333334,8.166666666666666,1.4489795918367347,0.27350427350427353,4,2
399,399,3,4,85,7,2157,94,134,264,15,248,1,synthetic,1,13.428571428571429,19.142857142857142,0.7014925373134329,0.056818181818181816,7,-1
400,400,1,3,84,13,3364,99,56,185,32,181,1,synthetic,1,7.615384615384615,4.3076923076923075,1.7678571428571428,0.17297297297297298,4,-2
401,401,3,0,87,6,3199,66,47,112,34,103,1,synthetic,0,11.0,7.833333333333333,1.4042553191489362,0.30357142857142855,3,3
402,402,-1,-1,84,4,2972,17,50,79,34,74,1,synthetic,1,4.25,12.5,0.34,0.43037974683544306,-2,0
403,403,3,3,86,3,2420,94,81,326,6,262,2,synthetic,0,31.333333333333332,27.0,1.1604938271604939,0.018404907975460124,6,0
404,404,2,3,86,8,2819,97,106,176,31,155,2,synthetic,1,12.125,13.25,0.9150943396226415,0.17613636363636365,5,-1
405,405,1,1,85,17,4023,238,65,325,32,345,2,synthetic,1,14.0,3.823529411764706,3.6615384615384614,0.09846153846153846,2,0
406,406,2,4,85,13,9292,130,234,371,30,321,1,synthetic,0,10.0,18.0,0.5555555555555556,0.08086253369272237,6,-2
407,407,3,3,88,12,12600,328,234,618,36,662,2,synthetic,1,27.333333333333332,19.5,1.4017094017094016,0.05825242718446602,6,0
408,408,4,4,86,9,2537,43,94,166,15,128,1,synthetic,0,4.777777777777778,10.444444444444445,0.4574468085106383,0.09036144578313253,8,0
409,409,2,3,85,5,2262,12,79,75,28,69,2,synthetic,1,2.4,15.8,0.1518987341772152,0.37333333333333335,5,-1
410,410,3,4,86,6,6887,241,103,438,25,323,1,synthetic,0,40.166666666666664,17.166666666666668,2.3398058252427183,0.05707762557077625,7,-1
411,411,1,1,85,5,4170,106,98,199,14,159,2,synthetic,1,21.2,19.6,1.0816326530612246,0.07035175879396985,2,0
412,412,0,1,85,4,4653,219,76,320,22,317,3,synthetic,0,54.75,19.0,2.8815789473684212,0.06875,1,-1
413,413,2,3,83,20,11782,288,75,311,34,304,2,synthetic,1,14.4,3.75,3.84,0.10932475884244373,5,-1
414,414,1,4,87,24,9361,294,176,442,28,382,3,synthetic,1,12.25,7.333333333333333,1.6704545454545454,0.06334841628959276,5,-3
415,415,1,2,87,8,743,58,43,148,16,105,3,synthetic,0,7.25,5.375,1.3488372093023255,0.10810810810810811,3,-1
416,416,3,1,86,16,4790,182,250,364,21,315,2,synthetic,0,11.375,15.625,0.728,0.057692307692307696,4,2
417,417,4,1,84,2,639,67,57,135,22,115,3,synthetic,0,33.5,28.5,1.1754385964912282,0.16296296296296298,5,3
418,418,0,1,87,9,3822,118,100,172,19,142,2,synthetic,1,13.11111111111111,11.11111111111111,1.18,0.11046511627906977,1,-1
419,419,1,2,85,12,3158,157,52,217,29,199,2,synthetic,0,13.083333333333334,4.333333333333333,3.019230769230769,0.1336405529953917,3,-1
420,420,1,3,84,13,1284,267,45,284,31,253,1,synthetic,1,20.53846153846154,3.4615384615384617,5.933333333333334,0.10915492957746478,4,-2
421,421,1,1,85,5,6678,84,94,191,18,142,1,synthetic,0,16.8,18.8,0.8936170212765957,0.09424083769633508,2,0
422,422,3,3,85,10,2611,54,119,229,25,192,2,synthetic,0,5.4,11.9,0.453781512605042,0.1091703056768559,6,0
423,423,4,1,85,25,11700,634,114,707,46,711,1,synthetic,1,25.36,4.56,5.56140350877193,0.06506364922206506,5,3
424,424,3,3,85,18,7353,68,103,181,31,163,2,synthetic,1,3.7777777777777777,5.722222222222222,0.6601941747572816,0.1712707182320442,6,0
425,425,4,1,84,12,1643,173,59,241,23,242,1,synthetic,0,14.416666666666666,4.916666666666667,2.9322033898305087,0.0954356846473029,5,3
426,426,4,4,85,13,5892,108,219,429,39,404,1,synthetic,1,8.307692307692308,16.846153846153847,0.4931506849315068,0.09090909090909091,8,0
427,427,3,1,85,13,6993,60,91,147,27,117,2,synthetic,0,4.615384615384615,7.0,0.6593406593406593,0.1836734693877551,4,2
428,428,3,3,85,9,2328,228,185,398,24,338,3,synthetic,1,25.333333333333332,20.555555555555557,1.2324324324324325,0.06030150753768844,6,0
429,429,2,2,86,14,1597,291,58,314,22,279,1,synthetic,0,20.785714285714285,4.142857142857143,5.017241379310345,0.07006369426751592,4,0
430,430,0,4,85,9,3716,298,53,292,23,257,2,synthetic,0,33.111111111111114,5.888888888888889,5.622641509433962,0.07876712328767123,4,-4
431,431,-1,1,85,5,2918,160,43,175,23,131,2,synthetic,0,32.0,8.6,3.7209302325581395,0.13142857142857142,0,-2
432,432,4,3,85,2,661,29,20,73,21,63,1,synthetic,0,14.5,10.0,1.45,0.2876712328767123,7,1
433,433,3,2,87,13,3575,104,50,140,25,117,1,synthetic,1,8.0,3.8461538461538463,2.08,0.17857142857142858,5,1
434,434,2,2,85,5,3288,58,142,167,19,114,1,synthetic,0,11.6,28.4,0.4084507042253521,0.11377245508982035,4,0
435,435,1,4,87,13,7393,279,74,308,23,318,1,synthetic,1,21.46153846153846,5.6923076923076925,3.77027027027027,0.07467532467532467,5,-3
436,436,1,3,83,14,14287,208,288,656,28,590,1,synthetic,1,14.857142857142858,20.571428571428573,0.7222222222222222,0.042682926829268296,4,-2
437,437,0,3,85,3,767,91,40,142,18,114,1,synthetic,1,30.333333333333332,13.333333333333334,2.275,0.1267605633802817,3,-3
438,438,1,1,86,5,3795,197,93,325,20,302,1,synthetic,1,39.4,18.6,2.118279569892473,0.06153846153846154,2,0
439,439,4,4,85,35,3715,155,112,309,15,297,2,synthetic,0,4.428571428571429,3.2,1.3839285714285714,0.04854368932038835,8,0
440,440,4,4,86,14,2847,85,239,319,24,304,2,synthetic,0,6.071428571428571,17.071428571428573,0.35564853556485354,0.07523510971786834,8,0
441,441,0,0,85,21,3660,226,157,343,26,328,2,synthetic,1,10.761904761904763,7.476190476190476,1.4394904458598725,0.07580174927113703,0,0
442,442,2,7,86,5,3309,95,132,283,15,222,1,synthetic,0,19.0,26.4,0.7196969696969697,0.053003533568904596,9,-5
443,443,0,2,88,10,4407,294,118,463,20,337,2,synthetic,1,29.4,11.8,2.4915254237288136,0.04319654427645788,2,-2
444,444,4,4,86,12,3572,82,224,309,37,330,2,synthetic,0,6.833333333333333,18.666666666666668,0.36607142857142855,0.11974110032362459,8,0
445,445,1,3,85,13,4325,102,197,321,15,311,1,synthetic,1,7.846153846153846,15.153846153846153,0.5177664974619289,0.04672897196261682,4,-2
446,446,4,4,86,12,6442,101,136,216,41,198,3,synthetic,0,8.416666666666666,11.333333333333334,0.7426470588235294,0.18981481481481483,8,0
447,447,4,3,84,11,2827,102,199,248,40,262,2,synthetic,0,9.272727272727273,18.09090909090909,0.5125628140703518,0.16129032258064516,7,1
448,448,1,0,87,20,3737,102,233,330,14,309,2,synthetic,1,5.1,11.65,0.43776824034334766,0.04242424242424243,1,1
449,449,1,4,86,17,8014,283,317,660,19,554,2,synthetic,1,16.647058823529413,18.647058823529413,0.8927444794952681,0.02878787878787879,5,-3
450,450,4,3,86,10,5115,134,74,266,47,326,1,synthetic,1,13.4,7.4,1.8108108108108107,0.17669172932330826,7,1
451,451,1,0,85,9,7897,240,113,323,25,329,1,synthetic,1,26.666666666666668,12.555555555555555,2.1238938053097347,0.07739938080495357,1,1
452,452,4,1,85,24,14652,552,89,421,39,473,1,synthetic,1,23.0,3.7083333333333335,6.202247191011236,0.09263657957244656,5,3
453,453,4,4,86,12,2380,236,50,309,28,317,1,synthetic,1,19.666666666666668,4.166666666666667,4.72,0.09061488673139159,8,0
454,454,4,3,88,9,2453,147,87,247,28,199,1,synthetic,0,16.333333333333332,9.666666666666666,1.6896551724137931,0.11336032388663968,7,1
455,455,-1,1,86,4,681,32,21,73,6,62,3,synthetic,1,8.0,5.25,1.5238095238095237,0.0821917808219178,0,-2
456,456,1,3,85,12,4196,155,55,274,42,260,1,synthetic,0,12.916666666666666,4.583333333333333,2.8181818181818183,0.15328467153284672,4,-2
457,457,1,1,88,5,2896,73,238,304,26,299,3,synthetic,1,14.6,47.6,0.3067226890756303,0.08552631578947369,2,0
458,458,4,3,85,6,3171,183,92,212,28,201,2,synthetic,0,30.5,15.333333333333334,1.9891304347826086,0.1320754716981132,7,1
459,459,2,4,85,5,2658,257,219,471,32,446,1,synthetic,0,51.4,43.8,1.17351598173516,0.06794055201698514,6,-2
460,460,2,3,86,13,772,171,55,223,37,205,1,synthetic,0,13.153846153846153,4.230769230769231,3.109090909090909,0.16591928251121077,5,-1
461,461,1,4,87,6,1614,99,105,231,6,158,1,synthetic,0,16.5,17.5,0.9428571428571428,0.025974025974025976,5,-3
462,462,1,2,86,12,4505,64,221,269,38,282,3,synthetic,1,5.333333333333333,18.416666666666668,0.2895927601809955,0.1412639405204461,3,-1
463,463,4,4,86,25,11709,229,386,862,38,715,2,synthetic,0,9.16,15.44,0.5932642487046632,0.04408352668213457,8,0
464,464,0,2,86,9,2506,138,167,390,13,314,1,synthetic,0,15.333333333333334,18.555555555555557,0.8263473053892215,0.03333333333333333,2,-2
465,465,1,1,87,6,2263,56,74,126,5,108,3,synthetic,0,9.333333333333334,12.333333333333334,0.7567567567567568,0.03968253968253968,2,0
466,466,4,3,85,12,2277,296,196,539,40,616,2,synthetic,1,24.666666666666668,16.333333333333332,1.510204081632653,0.07421150278293136,7,1
467,467,0,1,86,9,2468,126,67,194,25,157,1,synthetic,0,14.0,7.444444444444445,1.8805970149253732,0.12886597938144329,1,-1
468,468,1,0,86,14,1539,261,117,395,6,284,2,synthetic,0,18.642857142857142,8.357142857142858,2.230769230769231,0.015189873417721518,1,1
469,469,2,1,86,6,8032,228,65,220,34,211,2,synthetic,0,38.0,10.833333333333334,3.5076923076923077,0.15454545454545454,3,1
470,470,3,2,86,13,15478,384,179,518,38,624,1,synthetic,0,29.53846153846154,13.76923076923077,2.1452513966480447,0.07335907335907337,5,1
471,471,1,2,85,9,2403,54,112,166,25,136,2,synthetic,1,6.0,12.444444444444445,0.48214285714285715,0.15060240963855423,3,-1
472,472,4,2,85,27,3430,233,144,405,34,441,1,synthetic,0,8.62962962962963,5.333333333333333,1.6180555555555556,0.08395061728395062,6,2
473,473,-1,1,86,1,557,126,15,96,14,80,1,synthetic,0,126.0,15.0,8.4,0.14583333333333334,0,-2
474,474,0,0,85,16,17435,292,109,496,50,583,1,synthetic,1,18.25,6.8125,2.6788990825688073,0.10080645161290322,0,0
475,475,1,2,82,8,3742,312,113,390,38,433,3,synthetic,0,39.0,14.125,2.7610619469026547,0.09743589743589744,3,-1
476,476,4,4,85,6,2390,79,42,120,42,109,2,synthetic,0,13.166666666666666,7.0,1.880952380952381,0.35,8,0
477,477,2,4,85,12,3749,70,123,189,6,139,1,synthetic,0,5.833333333333333,10.25,0.5691056910569106,0.031746031746031744,6,-2
478,478,4,4,86,11,8422,232,244,507,48,570,1,synthetic,1,21.09090909090909,22.181818181818183,0.9508196721311475,0.09467455621301775,8,0
479,479,2,1,85,13,2921,86,51,134,41,150,1,synthetic,0,6.615384615384615,3.923076923076923,1.6862745098039216,0.30597014925373134,3,1
480,480,4,2,82,13,2463,80,55,175,23,168,2,synthetic,0,6.153846153846154,4.230769230769231,1.4545454545454546,0.13142857142857142,6,2
481,481,3,7,87,5,3935,227,49,282,34,285,1,synthetic,1,45.4,9.8,4.63265306122449,0.12056737588652482,10,-4
482,482,1,1,85,28,9455,428,107,436,40,442,2,synthetic,1,15.285714285714286,3.8214285714285716,4.0,0.09174311926605505,2,0
483,483,1,3,85,10,3182,171,128,369,19,315,3,synthetic,1,17.1,12.8,1.3359375,0.051490514905149054,4,-2
484,484,4,4,86,5,2711,34,101,157,13,106,2,synthetic,0,6.8,20.2,0.33663366336633666,0.08280254777070063,8,0
485,485,4,1,86,6,4002,90,87,204,35,206,1,synthetic,0,15.0,14.5,1.0344827586206897,0.1715686274509804,5,3
486,486,2,3,87,9,4222,118,98,195,28,165,1,synthetic,0,13.11111111111111,10.88888888888889,1.2040816326530612,0.14358974358974358,5,-1
487,487,1,2,87,9,5760,127,136,290,31,324,1,synthetic,0,14.11111111111111,15.11111111111111,0.9338235294117647,0.10689655172413794,3,-1
488,488,2,3,86,11,832,115,177,299,14,251,2,synthetic,0,10.454545454545455,16.09090909090909,0.6497175141242938,0.046822742474916385,5,-1
489,489,3,4,87,5,3165,174,76,255,36,278,2,synthetic,1,34.8,15.2,2.289473684210526,0.1411764705882353,7,-1
490,490,1,3,85,9,3285,147,80,280,23,232,1,synthetic,0,16.333333333333332,8.88888888888889,1.8375,0.08214285714285714,4,-2
491,491,1,3,86,19,9754,141,381,684,39,634,1,synthetic,1,7.421052631578948,20.05263157894737,0.3700787401574803,0.05701754385964912,4,-2
492,492,3,4,86,23,14933,476,184,566,38,675,3,synthetic,1,20.695652173913043,8.0,2.5869565217391304,0.06713780918727916,7,-1
493,493,2,4,84,23,3923,129,121,321,18,303,1,synthetic,1,5.608695652173913,5.260869565217392,1.0661157024793388,0.056074766355140186,6,-2
494,494,3,3,87,5,710,83,12,101,17,99,1,synthetic,0,16.6,2.4,6.916666666666667,0.16831683168316833,6,0
495,495,4,4,86,12,9295,480,62,282,36,312,2,synthetic,1,40.0,5.166666666666667,7.741935483870968,0.1276595744680851,8,0
496,496,3,4,86,5,584,114,31,96,19,89,1,synthetic,0,22.8,6.2,3.6774193548387095,0.19791666666666666,7,-1
497,497,2,2,85,9,2901,59,56,140,27,113,2,synthetic,1,6.555555555555555,6.222222222222222,1.0535714285714286,0.19285714285714287,4,0
498,498,1,1,87,3,1237,167,18,92,26,107,2,synthetic,0,55.666666666666664,6.0,9.277777777777779,0.2826086956521739,2,0
499,499,1,1,86,3,1416,242,47,220,32,206,2,synthetic,0,80.66666666666667,15.666666666666666,5.148936170212766,0.14545454545454545,2,0
500,500,1,3,86,13,3784,84,225,325,17,295,1,synthetic,0,6.461538461538462,17.307692307692307,0.37333333333333335,0.052307692307692305,4,-2
501,501,1,1,87,5,658,98,15,89,6,68,1,synthetic,0,19.6,3.0,6.533333333333333,0.06741573033707865,2,0
502,502,2,2,86,5,800,111,38,148,13,111,1,synthetic,0,22.2,7.6,2.9210526315789473,0.08783783783783784,4,0
503,503,4,4,86,10,3902,119,124,261,29,252,1,synthetic,0,11.9,12.4,0.9596774193548387,0.1111111111111111,8,0
504,504,1,0,86,4,596,35,42,77,19,63,3,synthetic,0,8.75,10.5,0.8333333333333334,0.24675324675324675,1,1
505,505,0,2,87,13,2267,193,52,250,6,148,2,synthetic,0,14.846153846153847,4.0,3.7115384615384617,0.024,2,-2
506,506,1,2,84,8,1433,81,73,176,23,130,1,synthetic,1,10.125,9.125,1.1095890410958904,0.13068181818181818,3,-1
507,507,4,1,85,12,11159,265,151,405,51,421,3,synthetic,1,22.083333333333332,12.583333333333334,1.7549668874172186,0.1259259259259259,5,3
508,508,1,1,87,17,8786,125,130,250,23,272,2,synthetic,1,7.352941176470588,7.647058823529412,0.9615384615384616,0.092,2,0
509,509,0,4,86,14,9656,180,144,280,25,265,1,synthetic,1,12.857142857142858,10.285714285714286,1.25,0.08928571428571429,4,-4
510,510,4,2,85,9,3413,58,140,178,28,138,1,synthetic,0,6.444444444444445,15.555555555555555,0.4142857142857143,0.15730337078651685,6,2
511,511,1,2,86,8,2534,77,97,242,23,210,1,synthetic,0,9.625,12.125,0.7938144329896907,0.09504132231404959,3,-1
512,512,0,2,85,4,640,51,78,146,14,93,3,synthetic,0,12.75,19.5,0.6538461538461539,0.0958904109589041,2,-2
513,513,2,3,86,12,1093,67,59,146,5,99,1,synthetic,0,5.583333333333333,4.916666666666667,1.1355932203389831,0.03424657534246575,5,-1
514,514,2,4,85,17,7817,121,56,182,38,215,3,synthetic,0,7.117647058823529,3.2941176470588234,2.1607142857142856,0.2087912087912088,6,-2
515,515,4,4,85,13,3446,141,275,375,40,361,1,synthetic,1,10.846153846153847,21.153846153846153,0.5127272727272727,0.10666666666666667,8,0
516,516,4,1,85,14,3737,64,143,250,20,204,2,synthetic,0,4.571428571428571,10.214285714285714,0.44755244755244755,0.08,5,3
517,517,2,3,86,13,9138,197,353,578,31,547,1,synthetic,1,15.153846153846153,27.153846153846153,0.5580736543909348,0.05363321799307959,5,-1
518,518,2,2,85,15,7529,102,193,303,40,356,3,synthetic,0,6.8,12.866666666666667,0.5284974093264249,0.132013201320132,4,0
519,519,4,3,83,14,11073,95,166,250,34,287,3,synthetic,0,6.785714285714286,11.857142857142858,0.572289156626506,0.136,7,1
520,520,1,-1,86,6,4970,177,112,301,25,277,1,synthetic,1,29.5,18.666666666666668,1.5803571428571428,0.08305647840531562,0,2
521,521,1,4,85,13,3032,124,111,256,29,213,2,synthetic,1,9.538461538461538,8.538461538461538,1.117117117117117,0.11328125,5,-3
522,522,1,4,86,12,5125,117,155,318,6,275,2,synthetic,0,9.75,12.916666666666666,0.7548387096774194,0.018867924528301886,5,-3
523,523,4,3,84,6,3337,111,106,242,35,276,3,synthetic,0,18.5,17.666666666666668,1.0471698113207548,0.1446280991735537,7,1
524,524,3,1,87,21,19272,886,114,822,35,833,1,synthetic,0,42.19047619047619,5.428571428571429,7.771929824561403,0.04257907542579075,4,2
525,525,1,4,87,6,672,71,22,92,5,68,1,synthetic,0,11.833333333333334,3.6666666666666665,3.227272727272727,0.05434782608695652,5,-3
526,526,0,1,88,18,8571,145,135,307,30,292,2,synthetic,1,8.055555555555555,7.5,1.0740740740740742,0.09771986970684039,1,-1
527,527,3,-1,86,6,2418,145,63,169,24,149,2,synthetic,1,24.166666666666668,10.5,2.3015873015873014,0.14201183431952663,2,4
528,528,2,1,86,7,4094,102,102,324,15,218,1,synthetic,0,14.571428571428571,14.571428571428571,1.0,0.046296296296296294,3,1
529,529,4,2,87,10,2359,100,186,316,34,313,2,synthetic,1,10.0,18.6,0.5376344086021505,0.10759493670886076,6,2
530,530,1,-1,86,4,4137,157,55,231,29,198,1,synthetic,1,39.25,13.75,2.8545454545454545,0.12554112554112554,0,2
531,531,4,1,86,12,8979,133,224,518,35,513,2,synthetic,0,11.083333333333334,18.666666666666668,0.59375,0.06756756756756757,5,3
532,532,1,3,86,12,4476,87,129,293,26,317,1,synthetic,1,7.25,10.75,0.6744186046511628,0.08873720136518772,4,-2
533,533,2,4,83,11,2414,165,51,187,23,168,1,synthetic,0,15.0,4.636363636363637,3.235294117647059,0.12299465240641712,6,-2
534,534,1,4,85,13,2654,65,97,172,19,124,1,synthetic,0,5.0,7.461538461538462,0.6701030927835051,0.11046511627906977,5,-3
535,535,0,1,86,6,3757,85,214,245,34,211,1,synthetic,1,14.166666666666666,35.666666666666664,0.397196261682243,0.13877551020408163,1,-1
536,536,4,4,84,22,5555,104,313,392,32,420,1,synthetic,1,4.7272727272727275,14.227272727272727,0.33226837060702874,0.08163265306122448,8,0
537,537,1,3,86,7,2482,116,38,119,34,113,1,synthetic,1,16.571428571428573,5.428571428571429,3.0526315789473686,0.2857142857142857,4,-2
538,538,2,3,86,9,6710,146,141,358,25,349,1,synthetic,1,16.22222222222222,15.666666666666666,1.0354609929078014,0.06983240223463687,5,-1
539,539,0,4,86,7,2346,43,59,103,6,88,1,synthetic,0,6.142857142857143,8.428571428571429,0.7288135593220338,0.05825242718446602,4,-4
540,540,4,4,85,13,2503,76,257,306,37,297,2,synthetic,1,5.846153846153846,19.76923076923077,0.29571984435797666,0.12091503267973856,8,0
541,541,2,4,86,23,5661,175,158,396,35,391,1,synthetic,0,7.608695652173913,6.869565217391305,1.1075949367088607,0.08838383838383838,6,-2
542,542,3,4,86,14,5562,73,44,136,23,111,1,synthetic,0,5.214285714285714,3.142857142857143,1.6590909090909092,0.16911764705882354,7,-1
543,543,3,3,88,17,6615,137,294,410,34,383,2,synthetic,0,8.058823529411764,17.294117647058822,0.46598639455782315,0.08292682926829269,6,0
544,544,1,2,85,9,4139,133,43,160,34,147,3,synthetic,0,14.777777777777779,4.777777777777778,3.0930232558139537,0.2125,3,-1
545,545,2,4,86,6,727,79,44,113,14,100,2,synthetic,0,13.166666666666666,7.333333333333333,1.7954545454545454,0.12389380530973451,6,-2
546,546,2,3,87,27,7190,317,123,399,27,366,1,synthetic,0,11.74074074074074,4.555555555555555,2.5772357723577235,0.06766917293233082,5,-1
547,547,3,7,85,8,2413,119,113,256,33,207,2,synthetic,0,14.875,14.125,1.0530973451327434,0.12890625,10,-4
548,548,-1,0,88,12,2010,21,130,121,6,86,3,synthetic,0,1.75,10.833333333333334,0.16153846153846155,0.049586776859504134,-1,-1
549,549,1,2,86,6,3422,18,62,81,16,64,1,synthetic,0,3.0,10.333333333333334,0.2903225806451613,0.19753086419753085,3,-1
550,550,4,0,83,9,6118,468,74,419,26,338,3,synthetic,0,52.0,8.222222222222221,6.324324324324325,0.06205250596658711,4,4
551,551,4,3,85,23,3321,225,277,564,33,584,1,synthetic,1,9.782608695652174,12.043478260869565,0.8122743682310469,0.05851063829787234,7,1
552,552,0,4,87,6,3373,59,49,136,14,102,1,synthetic,1,9.833333333333334,8.166666666666666,1.2040816326530612,0.10294117647058823,4,-4
553,553,2,0,87,14,3855,245,99,294,35,310,1,synthetic,1,17.5,7.071428571428571,2.474747474747475,0.11904761904761904,2,2
554,554,3,3,86,18,7663,210,91,334,40,331,2,synthetic,0,11.666666666666666,5.055555555555555,2.3076923076923075,0.11976047904191617,6,0
555,555,4,4,87,7,5320,113,183,282,35,309,1,synthetic,0,16.142857142857142,26.142857142857142,0.6174863387978142,0.12411347517730496,8,0
556,556,3,0,86,5,4053,93,58,145,26,111,1,synthetic,0,18.6,11.6,1.603448275862069,0.1793103448275862,3,3
557,557,2,1,84,5,2481,124,187,279,36,287,1,synthetic,0,24.8,37.4,0.6631016042780749,0.12903225806451613,3,1
558,558,1,3,85,7,3344,280,99,413,26,345,1,synthetic,1,40.0,14.142857142857142,2.8282828282828283,0.06295399515738499,4,-2
559,559,2,4,86,4,701,75,36,100,14,80,1,synthetic,0,18.75,9.0,2.0833333333333335,0.14,6,-2
560,560,1,3,86,4,611,44,55,108,6,84,1,synthetic,1,11.0,13.75,0.8,0.05555555555555555,4,-2
561,561,0,2,86,11,2700,273,43,289,25,267,1,synthetic,0,24.818181818181817,3.909090909090909,6.348837209302325,0.08650519031141868,2,-2
562,562,2,3,86,20,3764,117,209,323,34,318,3,synthetic,0,5.85,10.45,0.5598086124401914,0.10526315789473684,5,-1
563,563,1,4,88,5,3148,128,99,228,14,181,1,synthetic,1,25.6,19.8,1.292929292929293,0.06140350877192982,5,-3
564,564,0,1,87,12,4772,563,141,597,34,579,1,synthetic,1,46.916666666666664,11.75,3.99290780141844,0.05695142378559464,1,-1
565,565,0,0,87,5,601,74,37,94,18,83,1,synthetic,0,14.8,7.4,2.0,0.19148936170212766,0,0
566,566,3,2,85,13,7828,231,93,332,42,357,1,synthetic,1,17.76923076923077,7.153846153846154,2.4838709677419355,0.12650602409638553,5,1
567,567,4,3,86,12,3159,157,42,163,25,142,1,synthetic,0,13.083333333333334,3.5,3.738095238095238,0.15337423312883436,7,1
568,568,4,4,86,3,4101,121,56,177,35,151,1,synthetic,0,40.333333333333336,18.666666666666668,2.1607142857142856,0.1977401129943503,8,0
569,569,2,2,86,8,2178,45,87,152,26,134,2,synthetic,0,5.625,10.875,0.5172413793103449,0.17105263157894737,4,0
570,570,3,2,87,16,2490,81,53,177,34,181,1,synthetic,1,5.0625,3.3125,1.528301886792453,0.192090395480226,5,1
571,571,4,2,86,13,4545,244,116,315,38,344,1,synthetic,0,18.76923076923077,8.923076923076923,2.103448275862069,0.12063492063492064,6,2
572,572,1,2,86,5,576,72,42,112,5,92,1,synthetic,0,14.4,8.4,1.7142857142857142,0.044642857142857144,3,-1
573,573,-1,3,87,4,3690,231,43,173,26,145,2,synthetic,1,57.75,10.75,5.372093023255814,0.15028901734104047,2,-4
574,574,2,2,84,4,582,61,32,81,23,72,2,synthetic,0,15.25,8.0,1.90625,0.2839506172839506,4,0
575,575,2,2,86,12,2444,151,94,283,6,220,1,synthetic,0,12.583333333333334,7.833333333333333,1.6063829787234043,0.02120141342756184,4,0
576,576,1,2,83,12,10192,169,127,342,33,354,1,synthetic,0,14.083333333333334,10.583333333333334,1.330708661417323,0.09649122807017543,3,-1
577,577,3,1,87,4,622,101,75,242,30,241,3,synthetic,1,25.25,18.75,1.3466666666666667,0.12396694214876033,4,2
578,578,1,1,86,13,6520,198,155,408,41,457,1,synthetic,1,15.23076923076923,11.923076923076923,1.2774193548387096,0.10049019607843138,2,0
579,579,3,4,87,15,3700,254,48,301,18,288,1,synthetic,0,16.933333333333334,3.2,5.291666666666667,0.059800664451827246,7,-1
580,580,1,3,86,9,958,130,43,188,18,151,1,synthetic,1,14.444444444444445,4.777777777777778,3.0232558139534884,0.09574468085106383,4,-2
581,581,1,1,84,6,3989,328,49,339,14,300,2,synthetic,1,54.666666666666664,8.166666666666666,6.6938775510204085,0.04129793510324484,2,0
582,582,1,0,86,3,2301,77,61,158,27,132,3,synthetic,0,25.666666666666668,20.333333333333332,1.2622950819672132,0.17088607594936708,1,1
583,583,2,1,85,16,3994,108,105,212,25,195,3,synthetic,1,6.75,6.5625,1.0285714285714285,0.1179245283018868,3,1
584,584,3,1,86,8,5673,184,319,640,42,610,2,synthetic,1,23.0,39.875,0.5768025078369906,0.065625,4,2
585,585,4,3,87,8,3191,224,110,316,38,300,1,synthetic,1,28.0,13.75,2.036363636363636,0.12025316455696203,7,1
586,586,3,2,86,9,5155,84,330,314,24,257,1,synthetic,0,9.333333333333334,36.666666666666664,0.2545454545454545,0.07643312101910828,5,1
587,587,3,3,86,11,4492,136,218,427,39,437,1,synthetic,0,12.363636363636363,19.818181818181817,0.6238532110091743,0.09133489461358314,6,0
588,588,2,2,86,5,2839,81,104,172,40,157,3,synthetic,0,16.2,20.8,0.7788461538461539,0.23255813953488372,4,0
589,589,3,4,86,8,4187,70,266,273,23,246,2,synthetic,1,8.75,33.25,0.2631578947368421,0.08424908424908426,7,-1
590,590,4,2,85,6,2518,59,225,213,36,214,1,synthetic,0,9.833333333333334,37.5,0.26222222222222225,0.16901408450704225,6,2
591,591,1,2,88,13,3789,306,163,632,24,504,1,synthetic,0,23.53846153846154,12.538461538461538,1.8773006134969326,0.0379746835443038,3,-1
592,592,1,3,85,12,841,112,66,183,28,173,1,synthetic,1,9.333333333333334,5.5,1.696969696969697,0.15300546448087432,4,-2
593,593,4,3,87,18,16181,501,123,623,37,671,3,synthetic,1,27.833333333333332,6.833333333333333,4.073170731707317,0.0593900481540931,7,1
594,594,4,2,85,11,930,207,44,222,27,213,1,synthetic,1,18.818181818181817,4.0,4.704545454545454,0.12162162162162163,6,2
595,595,-1,1,87,6,2050,333,36,248,25,251,1,synthetic,0,55.5,6.0,9.25,0.10080645161290322,0,-2
596,596,1,1,87,15,7891,90,134,244,36,237,1,synthetic,1,6.0,8.933333333333334,0.6716417910447762,0.14754098360655737,2,0
597,597,-1,1,85,4,546,9,48,74,5,64,1,synthetic,1,2.25,12.0,0.1875,0.06756756756756757,0,-2
598,598,3,4,86,5,2337,40,79,111,26,111,3,synthetic,1,8.0,15.8,0.5063291139240507,0.23423423423423423,7,-1
599,599,3,4,86,37,9281,168,253,442,43,422,3,synthetic,1,4.54054054054054,6.837837837837838,0.6640316205533597,0.09728506787330317,7,-1
600,600,1,1,86,13,4020,120,253,329,28,332,3,synthetic,1,9.23076923076923,19.46153846153846,0.4743083003952569,0.0851063829787234,2,0
601,601,0,2,86,5,2984,66,114,210,27,198,2,synthetic,0,13.2,22.8,0.5789473684210527,0.12857142857142856,2,-2
602,602,2,1,87,22,4383,119,194,287,18,239,1,synthetic,0,5.409090909090909,8.818181818181818,0.6134020618556701,0.0627177700348432,3,1
603,603,1,2,86,12,7156,242,107,330,34,372,2,synthetic,1,20.166666666666668,8.916666666666666,2.2616822429906542,0.10303030303030303,3,-1
604,604,2,2,86,5,769,123,54,192,20,197,1,synthetic,0,24.6,10.8,2.2777777777777777,0.10416666666666667,4,0
605,605,1,4,87,10,2600,186,97,319,26,279,2,synthetic,1,18.6,9.7,1.9175257731958764,0.08150470219435736,5,-3
606,606,4,6,87,22,7843,314,234,595,34,683,1,synthetic,0,14.272727272727273,10.636363636363637,1.3418803418803418,0.05714285714285714,10,-2
607,607,-1,1,85,5,5287,164,39,188,14,131,2,synthetic,0,32.8,7.8,4.205128205128205,0.07446808510638298,0,-2
608,608,3,4,88,7,2702,50,135,185,27,159,1,synthetic,0,7.142857142857143,19.285714285714285,0.37037037037037035,0.14594594594594595,7,-1
609,609,3,4,85,10,3720,74,72,162,35,152,1,synthetic,0,7.4,7.2,1.0277777777777777,0.21604938271604937,7,-1
610,610,2,2,85,6,3329,55,174,191,30,167,2,synthetic,0,9.166666666666666,29.0,0.3160919540229885,0.15706806282722513,4,0
611,611,4,4,87,13,2552,162,51,222,34,209,3,synthetic,0,12.461538461538462,3.923076923076923,3.176470588235294,0.15315315315315314,8,0
612,612,2,1,87,13,5099,45,229,223,38,192,1,synthetic,1,3.4615384615384617,17.615384615384617,0.1965065502183406,0.17040358744394618,3,1
613,613,-1,1,86,8,817,64,229,245,14,191,1,synthetic,1,8.0,28.625,0.2794759825327511,0.05714285714285714,0,-2
614,614,-1,1,87,6,2322,112,73,190,7,135,3,synthetic,0,18.666666666666668,12.166666666666666,1.5342465753424657,0.03684210526315789,0,-2
615,615,0,-1,86,10,6053,174,47,166,30,136,2,synthetic,1,17.4,4.7,3.702127659574468,0.18072289156626506,-1,1
616,616,1,3,86,22,4623,315,44,303,21,297,1,synthetic,0,14.318181818181818,2.0,7.159090909090909,0.06930693069306931,4,-2
617,617,2,4,85,6,3322,101,90,200,17,168,2,synthetic,1,16.833333333333332,15.0,1.1222222222222222,0.085,6,-2
618,618,2,3,87,11,5958,328,60,359,24,317,1,synthetic,0,29.818181818181817,5.454545454545454,5.466666666666667,0.06685236768802229,5,-1
619,619,3,0,85,10,3141,79,182,254,24,231,1,synthetic,1,7.9,18.2,0.4340659340659341,0.09448818897637795,3,3
620,620,4,3,85,22,11145,67,176,229,33,185,3,synthetic,0,3.0454545454545454,8.0,0.3806818181818182,0.14410480349344978,7,1
621,621,4,4,83,14,12360,738,265,1031,43,967,1,synthetic,0,52.714285714285715,18.928571428571427,2.7849056603773583,0.041707080504364696,8,0
622,622,1,1,87,6,838,79,30,95,19,87,1,synthetic,1,13.166666666666666,5.0,2.6333333333333333,0.2,2,0
623,623,1,7,86,25,2927,224,93,287,6,237,1,synthetic,0,8.96,3.72,2.4086021505376345,0.020905923344947737,8,-6
624,624,1,4,87,17,13667,162,254,495,26,411,1,synthetic,1,9.529411764705882,14.941176470588236,0.6377952755905512,0.052525252525252523,5,-3
625,625,4,4,85,17,3647,81,107,196,16,187,1,synthetic,0,4.764705882352941,6.294117647058823,0.7570093457943925,0.08163265306122448,8,0
626,626,0,0,85,12,5907,155,59,187,26,182,1,synthetic,0,12.916666666666666,4.916666666666667,2.6271186440677967,0.13903743315508021,0,0
627,627,4,3,87,5,2814,70,61,159,36,160,1,synthetic,0,14.0,12.2,1.1475409836065573,0.22641509433962265,7,1
628,628,0,2,85,15,3903,451,186,685,32,674,1,synthetic,0,30.066666666666666,12.4,2.424731182795699,0.04671532846715328,2,-2
629,629,4,4,87,9,2773,128,47,175,37,158,1,synthetic,1,14.222222222222221,5.222222222222222,2.723404255319149,0.21142857142857144,8,0
630,630,4,4,85,10,4778,144,232,436,19,434,1,synthetic,1,14.4,23.2,0.6206896551724138,0.04357798165137615,8,0
631,631,2,3,87,6,7900,285,72,272,34,305,2,synthetic,1,47.5,12.0,3.9583333333333335,0.125,5,-1
632,632,3,4,85,17,9513,297,91,342,43,378,2,synthetic,1,17.470588235294116,5.352941176470588,3.2637362637362637,0.12573099415204678,7,-1
633,633,3,3,84,5,2472,114,48,156,19,131,1,synthetic,0,22.8,9.6,2.375,0.12179487179487179,6,0
634,634,2,4,86,26,7190,145,54,170,14,140,2,synthetic,1,5.576923076923077,2.076923076923077,2.685185185185185,0.08235294117647059,6,-2
635,635,2,3,82,3,624,100,44,116,24,110,3,synthetic,1,33.333333333333336,14.666666666666666,2.272727272727273,0.20689655172413793,5,-1
636,636,2,3,86,12,15426,64,300,307,38,297,3,synthetic,1,5.333333333333333,25.0,0.21333333333333335,0.1237785016286645,5,-1
637,637,2,4,88,38,23169,283,319,653,19,572,1,synthetic,1,7.447368421052632,8.394736842105264,0.8871473354231975,0.02909647779479326,6,-2
638,638,4,1,83,17,9196,142,161,426,39,419,2,synthetic,0,8.352941176470589,9.470588235294118,0.8819875776397516,0.09154929577464789,5,3
639,639,2,3,87,9,660,298,46,252,21,232,1,synthetic,0,33.111111111111114,5.111111111111111,6.478260869565218,0.08333333333333333,5,-1
640,640,2,0,87,33,4874,120,112,344,27,325,1,synthetic,1,3.6363636363636362,3.393939393939394,1.0714285714285714,0.07848837209302326,2,2
641,641,4,4,87,17,9183,801,387,1002,52,1063,1,synthetic,1,47.11764705882353,22.764705882352942,2.0697674418604652,0.05189620758483034,8,0
642,642,3,1,86,8,2553,167,120,268,33,285,1,synthetic,1,20.875,15.0,1.3916666666666666,0.12313432835820895,4,2
643,643,2,4,87,12,4940,145,60,185,34,203,1,synthetic,0,12.083333333333334,5.0,2.4166666666666665,0.1837837837837838,6,-2
644,644,2,2,83,8,5647,132,52,204,29,189,2,synthetic,1,16.5,6.5,2.5384615384615383,0.14215686274509803,4,0
645,645,4,4,86,14,2578,116,135,231,29,204,2,synthetic,0,8.285714285714286,9.642857142857142,0.8592592592592593,0.12554112554112554,8,0
646,646,2,4,88,13,11089,113,193,335,23,310,1,synthetic,0,8.692307692307692,14.846153846153847,0.5854922279792746,0.06865671641791045,6,-2
647,647,4,4,84,17,6732,120,66,187,23,177,1,synthetic,1,7.0588235294117645,3.8823529411764706,1.8181818181818181,0.12299465240641712,8,0
648,648,2,2,86,14,2794,95,111,271,28,262,1,synthetic,0,6.785714285714286,7.928571428571429,0.8558558558558559,0.1033210332103321,4,0
649,649,2,3,86,13,2513,135,43,170,20,181,1,synthetic,0,10.384615384615385,3.3076923076923075,3.13953488372093,0.11764705882352941,5,-1
650,650,2,1,85,8,4219,359,58,275,41,298,3,synthetic,1,44.875,7.25,6.189655172413793,0.14909090909090908,3,1
651,651,1,2,85,9,5291,98,111,219,30,209,2,synthetic,0,10.88888888888889,12.333333333333334,0.8828828828828829,0.136986301369863,3,-1
652,652,3,4,85,14,5708,65,163,259,35,235,3,synthetic,1,4.642857142857143,11.642857142857142,0.3987730061349693,0.13513513513513514,7,-1
653,653,1,1,87,12,8403,160,241,406,32,367,2,synthetic,1,13.333333333333334,20.083333333333332,0.6639004149377593,0.07881773399014778,2,0
654,654,4,4,87,36,7191,319,127,434,35,454,1,synthetic,1,8.86111111111111,3.5277777777777777,2.5118110236220472,0.08064516129032258,8,0
655,655,4,4,85,8,3600,33,125,139,35,132,1,synthetic,1,4.125,15.625,0.264,0.2517985611510791,8,0
656,656,1,2,86,6,878,111,33,120,13,102,1,synthetic,1,18.5,5.5,3.3636363636363638,0.10833333333333334,3,-1
657,657,4,2,87,4,1851,79,75,141,28,123,1,synthetic,1,19.75,18.75,1.0533333333333332,0.19858156028368795,6,2
658,658,4,0,86,8,3944,72,250,264,33,276,2,synthetic,1,9.0,31.25,0.288,0.125,4,4
659,659,1,-1,86,6,5380,120,62,212,29,179,1,synthetic,1,20.0,10.333333333333334,1.935483870967742,0.13679245283018868,0,2
660,660,2,4,87,39,18186,726,192,691,37,683,1,synthetic,1,18.615384615384617,4.923076923076923,3.78125,0.053545586107091175,6,-2
661,661,1,1,85,12,4529,213,120,329,26,311,2,synthetic,1,17.75,10.0,1.775,0.0790273556231003,2,0
662,662,4,4,86,13,2517,680,42,333,36,357,2,synthetic,1,52.30769230769231,3.230769230769231,16.19047619047619,0.10810810810810811,8,0
663,663,4,5,86,17,2761,127,121,424,9,319,1,synthetic,0,7.470588235294118,7.117647058823529,1.0495867768595042,0.02122641509433962,9,-1
664,664,2,4,86,10,2202,198,109,360,24,304,2,synthetic,0,19.8,10.9,1.81651376146789,0.06666666666666667,6,-2
665,665,0,3,86,12,2154,103,55,141,11,109,1,synthetic,0,8.583333333333334,4.583333333333333,1.8727272727272728,0.07801418439716312,3,-3
666,666,1,1,86,4,5635,227,48,252,36,286,1,synthetic,0,56.75,12.0,4.729166666666667,0.14285714285714285,2,0
667,667,1,4,85,7,835,149,109,373,6,314,1,synthetic,0,21.285714285714285,15.571428571428571,1.3669724770642202,0.0160857908847185,5,-3
668,668,1,4,86,4,674,45,46,103,20,94,1,synthetic,0,11.25,11.5,0.9782608695652174,0.1941747572815534,5,-3
669,669,3,4,86,15,2496,288,61,359,40,388,2,synthetic,0,19.2,4.066666666666666,4.721311475409836,0.11142061281337047,7,-1
670,670,0,0,86,15,5279,213,176,433,32,446,1,synthetic,0,14.2,11.733333333333333,1.2102272727272727,0.07390300230946882,0,0
671,671,2,4,86,13,3872,298,96,334,23,327,2,synthetic,0,22.923076923076923,7.384615384615385,3.1041666666666665,0.0688622754491018,6,-2
672,672,2,4,87,6,2593,77,71,142,21,113,3,synthetic,0,12.833333333333334,11.833333333333334,1.0845070422535212,0.14788732394366197,6,-2
673,673,3,3,86,5,4053,125,105,257,28,245,1,synthetic,0,25.0,21.0,1.1904761904761905,0.10894941634241245,6,0
674,674,3,0,86,6,2787,132,128,243,27,242,2,synthetic,1,22.0,21.333333333333332,1.03125,0.1111111111111111,3,3
675,675,1,1,85,13,2330,206,35,166,23,148,1,synthetic,1,15.846153846153847,2.6923076923076925,5.885714285714286,0.13855421686746988,2,0
676,676,2,-1,86,3,1367,101,47,145,37,131,1,synthetic,0,33.666666666666664,15.666666666666666,2.148936170212766,0.25517241379310346,1,3
677,677,4,1,87,5,689,66,44,114,23,101,2,synthetic,0,13.2,8.8,1.5,0.20175438596491227,5,3
678,678,2,0,86,17,5839,145,332,408,24,348,2,synthetic,1,8.529411764705882,19.529411764705884,0.4367469879518072,0.058823529411764705,2,2
679,679,2,3,87,14,20821,76,370,367,31,305,1,synthetic,1,5.428571428571429,26.428571428571427,0.20540540540540542,0.08446866485013624,5,-1
680,680,1,4,85,17,4495,447,50,297,7,220,3,synthetic,1,26.294117647058822,2.9411764705882355,8.94,0.02356902356902357,5,-3
681,681,2,3,88,12,1603,194,79,304,6,236,1,synthetic,0,16.166666666666668,6.583333333333333,2.4556962025316458,0.019736842105263157,5,-1
682,682,1,1,86,13,3977,102,111,168,35,185,3,synthetic,1,7.846153846153846,8.538461538461538,0.918918918918919,0.20833333333333334,2,0
683,683,4,3,85,8,2249,174,51,230,26,187,1,synthetic,0,21.75,6.375,3.411764705882353,0.11304347826086956,7,1
684,684,1,1,86,9,1640,204,51,242,33,250,1,synthetic,1,22.666666666666668,5.666666666666667,4.0,0.13636363636363635,2,0
685,685,2,1,86,4,783,47,48,98,28,90,1,synthetic,0,11.75,12.0,0.9791666666666666,0.2857142857142857,3,1
686,686,2,4,86,13,4001,115,92,201,18,170,1,synthetic,0,8.846153846153847,7.076923076923077,1.25,0.08955223880597014,6,-2
687,687,2,1,86,25,11198,115,154,331,42,301,2,synthetic,1,4.6,6.16,0.7467532467532467,0.1268882175226586,3,1
688,688,4,4,86,9,2496,66,103,179,29,164,2,synthetic,0,7.333333333333333,11.444444444444445,0.6407766990291263,0.16201117318435754,8,0
689,689,1,-1,84,7,4184,170,72,248,40,269,1,synthetic,1,24.285714285714285,10.285714285714286,2.361111111111111,0.16129032258064516,0,2
690,690,1,1,87,8,9004,164,128,310,38,358,1,synthetic,0,20.5,16.0,1.28125,0.12258064516129032,2,0
691,691,3,3,87,11,764,157,55,206,14,178,1,synthetic,1,14.272727272727273,5.0,2.8545454545454545,0.06796116504854369,6,0
692,692,1,4,84,8,10567,243,76,286,28,237,1,synthetic,0,30.375,9.5,3.1973684210526314,0.0979020979020979,5,-3
693,693,4,4,86,17,5598,80,132,278,20,197,2,synthetic,0,4.705882352941177,7.764705882352941,0.6060606060606061,0.07194244604316546,8,0
694,694,2,2,88,11,5943,231,127,443,19,389,2,synthetic,1,21.0,11.545454545454545,1.8188976377952757,0.04288939051918736,4,0
695,695,3,1,87,4,1109,47,73,115,16,99,3,synthetic,1,11.75,18.25,0.6438356164383562,0.1391304347826087,4,2
696,696,4,4,87,11,3639,289,58,319,36,352,1,synthetic,0,26.272727272727273,5.2727272727272725,4.982758620689655,0.11285266457680251,8,0
697,697,4,3,87,11,2222,184,189,495,42,531,1,synthetic,1,16.727272727272727,17.181818181818183,0.9735449735449735,0.08484848484848485,7,1
698,698,2,0,86,25,14084,234,350,525,38,548,1,synthetic,1,9.36,14.0,0.6685714285714286,0.07238095238095238,2,2
699,699,3,3,86,5,2275,175,58,272,19,206,3,synthetic,0,35.0,11.6,3.0172413793103448,0.06985294117647059,6,0
700,700,1,3,86,9,5040,319,143,469,22,421,2,synthetic,1,35.44444444444444,15.88888888888889,2.230769230769231,0.046908315565031986,4,-2
701,701,1,1,87,9,1641,36,46,93,6,76,1,synthetic,1,4.0,5.111111111111111,0.782608695652174,0.06451612903225806,2,0
702,702,4,4,85,35,14210,494,177,559,15,594,1,synthetic,1,14.114285714285714,5.057142857142857,2.790960451977401,0.026833631484794274,8,0
703,703,4,3,86,10,2631,149,170,262,34,264,2,synthetic,1,14.9,17.0,0.8764705882352941,0.1297709923664122,7,1
704,704,2,4,88,8,3169,110,175,320,29,304,2,synthetic,0,13.75,21.875,0.6285714285714286,0.090625,6,-2
705,705,1,4,87,11,5086,463,176,598,27,529,2,synthetic,1,42.09090909090909,16.0,2.6306818181818183,0.0451505016722408,5,-3
706,706,2,2,88,12,3747,133,45,158,34,155,1,synthetic,0,11.083333333333334,3.75,2.9555555555555557,0.21518987341772153,4,0
707,707,2,3,85,17,3464,217,83,307,26,303,3,synthetic,1,12.764705882352942,4.882352941176471,2.6144578313253013,0.08469055374592833,5,-1
708,708,1,3,87,33,3862,185,171,450,18,312,1,synthetic,1,5.606060606060606,5.181818181818182,1.0818713450292399,0.04,4,-2
709,709,4,4,86,5,1158,173,106,323,27,317,3,synthetic,0,34.6,21.2,1.6320754716981132,0.08359133126934984,8,0
710,710,2,4,87,6,1401,171,51,269,15,214,2,synthetic,0,28.5,8.5,3.3529411764705883,0.055762081784386616,6,-2
711,711,1,2,83,4,929,37,77,107,6,90,2,synthetic,0,9.25,19.25,0.4805194805194805,0.056074766355140186,3,-1
712,712,4,4,86,10,19111,86,253,343,49,396,2,synthetic,1,8.6,25.3,0.33992094861660077,0.14285714285714285,8,0
713,713,1,1,88,7,1618,105,43,121,32,108,1,synthetic,1,15.0,6.142857142857143,2.441860465116279,0.2644628099173554,2,0
714,714,0,1,86,9,768,129,36,181,23,137,1,synthetic,0,14.333333333333334,4.0,3.5833333333333335,0.1270718232044199,1,-1
715,715,1,2,86,12,4028,151,120,271,27,214,1,synthetic,0,12.583333333333334,10.0,1.2583333333333333,0.0996309963099631,3,-1
716,716,4,4,86,7,8544,156,93,294,37,318,1,synthetic,0,22.285714285714285,13.285714285714286,1.6774193548387097,0.12585034013605442,8,0
717,717,1,3,86,8,3796,44,100,181,15,138,1,synthetic,1,5.5,12.5,0.44,0.08287292817679558,4,-2
718,718,1,1,85,2,823,68,38,103,24,96,1,synthetic,0,34.0,19.0,1.7894736842105263,0.23300970873786409,2,0
719,719,2,1,84,8,4304,317,60,301,34,314,2,synthetic,0,39.625,7.5,5.283333333333333,0.11295681063122924,3,1
720,720,2,1,86,3,2316,66,61,124,17,103,1,synthetic,1,22.0,20.333333333333332,1.0819672131147542,0.13709677419354838,3,1
721,721,1,4,86,4,1410,48,79,126,11,98,2,synthetic,0,12.0,19.75,0.6075949367088608,0.0873015873015873,5,-3
722,722,2,4,86,6,766,85,40,144,17,113,2,synthetic,0,14.166666666666666,6.666666666666667,2.125,0.11805555555555555,6,-2
723,723,0,4,85,9,3834,96,119,204,24,181,1,synthetic,1,10.666666666666666,13.222222222222221,0.8067226890756303,0.11764705882352941,4,-4
724,724,2,4,85,5,1225,114,162,296,25,270,1,synthetic,1,22.8,32.4,0.7037037037037037,0.08445945945945946,6,-2
725,725,4,1,86,11,2196,21,109,116,20,109,1,synthetic,1,1.9090909090909092,9.909090909090908,0.1926605504587156,0.1724137931034483,5,3
726,726,4,4,85,18,3964,180,126,303,51,436,2,synthetic,0,10.0,7.0,1.4285714285714286,0.16831683168316833,8,0
727,727,2,-1,88,6,15342,177,280,469,42,550,2,synthetic,1,29.5,46.666666666666664,0.6321428571428571,0.08955223880597014,1,3
728,728,-1,2,84,5,2250,56,57,111,18,100,1,synthetic,1,11.2,11.4,0.9824561403508771,0.16216216216216217,1,-3
729,729,4,3,87,4,2123,80,71,204,26,168,2,synthetic,0,20.0,17.75,1.1267605633802817,0.12745098039215685,7,1
730,730,1,3,85,11,2864,44,239,182,14,132,1,synthetic,0,4.0,21.727272727272727,0.18410041841004185,0.07692307692307693,4,-2
731,731,1,-1,86,2,2006,53,216,188,16,150,2,synthetic,1,26.5,108.0,0.24537037037037038,0.0851063829787234,0,2
732,732,3,2,86,13,2785,63,42,93,18,85,1,synthetic,0,4.846153846153846,3.230769230769231,1.5,0.1935483870967742,5,1
733,733,1,4,88,19,4377,71,119,185,15,141,2,synthetic,0,3.736842105263158,6.2631578947368425,0.5966386554621849,0.08108108108108109,5,-3
734,734,1,1,86,6,2714,130,43,227,17,148,3,synthetic,0,21.666666666666668,7.166666666666667,3.0232558139534884,0.07488986784140969,2,0
735,735,3,1,83,11,785,224,72,249,12,225,2,synthetic,0,20.363636363636363,6.545454545454546,3.111111111111111,0.04819277108433735,4,2
736,736,1,1,86,2,802,58,50,100,6,85,1,synthetic,1,29.0,25.0,1.16,0.06,2,0
737,737,4,1,86,16,7887,366,125,346,36,408,1,synthetic,0,22.875,7.8125,2.928,0.10404624277456648,5,3
738,738,1,1,85,8,614,207,30,170,14,130,2,synthetic,0,25.875,3.75,6.9,0.08235294117647059,2,0
739,739,3,3,87,6,4076,42,167,149,34,140,1,synthetic,0,7.0,27.833333333333332,0.25149700598802394,0.22818791946308725,6,0
740,740,3,3,85,4,784,99,49,185,29,151,1,synthetic,0,24.75,12.25,2.020408163265306,0.15675675675675677,6,0
741,741,1,2,85,2,3108,120,122,184,38,224,2,synthetic,0,60.0,61.0,0.9836065573770492,0.20652173913043478,3,-1
742,742,0,3,87,9,925,154,90,244,29,181,1,synthetic,1,17.11111111111111,10.0,1.711111111111111,0.11885245901639344,3,-3
743,743,0,1,87,8,2318,204,87,306,21,309,1,synthetic,0,25.5,10.875,2.3448275862068964,0.06862745098039216,1,-1
744,744,1,4,86,6,8808,177,60,290,33,281,3,synthetic,0,29.5,10.0,2.95,0.11379310344827587,5,-3
745,745,4,4,84,9,5451,139,183,295,37,276,1,synthetic,0,15.444444444444445,20.333333333333332,0.7595628415300546,0.12542372881355932,8,0
746,746,4,4,88,15,7613,100,364,491,35,589,1,synthetic,1,6.666666666666667,24.266666666666666,0.27472527472527475,0.07128309572301425,8,0
747,747,1,1,85,8,4164,112,135,291,20,280,2,synthetic,1,14.0,16.875,0.8296296296296296,0.06872852233676977,2,0
748,748,4,4,83,23,3403,221,57,257,25,201,3,synthetic,1,9.608695652173912,2.4782608695652173,3.8771929824561404,0.09727626459143969,8,0
749,749,1,2,85,14,3988,70,237,263,25,232,1,synthetic,0,5.0,16.928571428571427,0.29535864978902954,0.09505703422053231,3,-1
750,750,2,4,86,14,2782,493,92,488,36,503,2,synthetic,1,35.214285714285715,6.571428571428571,5.358695652173913,0.07377049180327869,6,-2
751,751,3,7,84,13,2775,145,177,315,6,218,2,synthetic,0,11.153846153846153,13.615384615384615,0.8192090395480226,0.01904761904761905,10,-4
752,752,0,1,82,10,2547,60,86,164,5,131,1,synthetic,1,6.0,8.6,0.6976744186046512,0.03048780487804878,1,-1
753,753,4,4,85,23,22150,262,322,650,40,655,1,synthetic,1,11.391304347826088,14.0,0.8136645962732919,0.06153846153846154,8,0
754,754,0,0,87,16,12205,207,268,530,45,592,1,synthetic,1,12.9375,16.75,0.7723880597014925,0.08490566037735849,0,0
755,755,4,7,87,19,5401,291,124,632,32,651,2,synthetic,0,15.31578947368421,6.526315789473684,2.346774193548387,0.05063291139240506,11,-3
756,756,1,4,83,15,3571,244,46,246,28,287,2,synthetic,0,16.266666666666666,3.066666666666667,5.304347826086956,0.11382113821138211,5,-3
757,757,1,0,84,5,823,175,84,275,33,287,1,synthetic,0,35.0,16.8,2.0833333333333335,0.12,1,1
758,758,2,2,85,8,1029,119,51,198,21,162,2,synthetic,1,14.875,6.375,2.3333333333333335,0.10606060606060606,4,0
759,759,1,2,87,13,2485,144,93,239,17,207,2,synthetic,1,11.076923076923077,7.153846153846154,1.5483870967741935,0.07112970711297072,3,-1
760,760,1,3,86,5,3728,483,42,320,25,311,1,synthetic,1,96.6,8.4,11.5,0.078125,4,-2
761,761,0,3,86,5,1978,59,100,141,24,118,2,synthetic,1,11.8,20.0,0.59,0.1702127659574468,3,-3
762,762,2,3,87,6,2923,288,45,304,40,284,1,synthetic,1,48.0,7.5,6.4,0.13157894736842105,5,-1
763,763,0,2,87,7,7966,188,73,227,39,200,3,synthetic,1,26.857142857142858,10.428571428571429,2.5753424657534247,0.17180616740088106,2,-2
764,764,2,4,86,8,2808,121,124,294,24,292,1,synthetic,1,15.125,15.5,0.9758064516129032,0.08163265306122448,6,-2
765,765,1,0,86,9,13947,122,108,228,40,253,2,synthetic,0,13.555555555555555,12.0,1.1296296296296295,0.17543859649122806,1,1
766,766,2,1,86,9,1391,117,97,207,8,161,2,synthetic,1,13.0,10.777777777777779,1.2061855670103092,0.03864734299516908,3,1
767,767,1,4,86,9,2862,174,49,236,20,183,1,synthetic,0,19.333333333333332,5.444444444444445,3.5510204081632653,0.0847457627118644,5,-3
768,768,3,3,86,9,1485,283,102,411,23,320,2,synthetic,1,31.444444444444443,11.333333333333334,2.7745098039215685,0.05596107055961071,6,0
769,769,4,4,83,8,3794,228,100,399,44,404,2,synthetic,1,28.5,12.5,2.28,0.11027568922305764,8,0
770,770,1,4,84,2,655,20,37,73,9,64,3,synthetic,0,10.0,18.5,0.5405405405405406,0.1232876712328767,5,-3
771,771,1,4,86,31,3899,513,95,495,22,477,2,synthetic,1,16.548387096774192,3.064516129032258,5.4,0.044444444444444446,5,-3
772,772,4,4,87,9,1386,61,41,106,10,80,1,synthetic,0,6.777777777777778,4.555555555555555,1.4878048780487805,0.09433962264150944,8,0
773,773,4,4,85,12,3959,508,135,510,22,491,3,synthetic,1,42.333333333333336,11.25,3.762962962962963,0.043137254901960784,8,0
774,774,4,2,85,12,3877,138,36,140,39,132,2,synthetic,0,11.5,3.0,3.8333333333333335,0.2785714285714286,6,2
775,775,2,1,87,12,4121,84,237,334,23,305,2,synthetic,1,7.0,19.75,0.35443037974683544,0.0688622754491018,3,1
776,776,3,4,85,4,3393,69,77,212,29,190,3,synthetic,1,17.25,19.25,0.8961038961038961,0.13679245283018868,7,-1
777,777,-1,3,87,4,647,63,91,166,8,124,1,synthetic,0,15.75,22.75,0.6923076923076923,0.04819277108433735,2,-4
778,778,1,3,86,10,6139,325,140,439,39,468,1,synthetic,1,32.5,14.0,2.3214285714285716,0.0888382687927107,4,-2
779,779,1,1,85,9,5665,146,54,211,31,194,1,synthetic,1,16.22222222222222,6.0,2.7037037037037037,0.14691943127962084,2,0
780,780,4,4,86,9,2305,56,121,242,18,198,2,synthetic,0,6.222222222222222,13.444444444444445,0.4628099173553719,0.0743801652892562,8,0
781,781,4,4,86,15,2580,200,52,232,25,204,2,synthetic,0,13.333333333333334,3.466666666666667,3.8461538461538463,0.10775862068965517,8,0
782,782,2,0,85,15,13290,74,322,278,41,319,3,synthetic,1,4.933333333333334,21.466666666666665,0.22981366459627328,0.1474820143884892,2,2
783,783,2,3,87,18,3218,241,181,506,41,572,1,synthetic,1,13.38888888888889,10.055555555555555,1.3314917127071824,0.08102766798418973,5,-1
784,784,4,3,85,22,8074,172,318,474,22,414,2,synthetic,0,7.818181818181818,14.454545454545455,0.5408805031446541,0.046413502109704644,7,1
785,785,3,4,87,12,9674,90,149,260,26,239,3,synthetic,1,7.5,12.416666666666666,0.6040268456375839,0.1,7,-1
786,786,4,3,86,12,4253,78,104,230,28,195,2,synthetic,1,6.5,8.666666666666666,0.75,0.12173913043478261,7,1
787,787,2,2,85,18,3464,119,378,437,15,387,1,synthetic,1,6.611111111111111,21.0,0.3148148148148148,0.034324942791762014,4,0
788,788,0,1,86,26,3305,69,49,150,25,127,2,synthetic,1,2.6538461538461537,1.8846153846153846,1.4081632653061225,0.16666666666666666,1,-1
789,789,4,4,86,35,8076,66,158,233,23,202,3,synthetic,1,1.8857142857142857,4.514285714285714,0.4177215189873418,0.09871244635193133,8,0
790,790,4,4,87,13,8282,210,170,433,35,496,3,synthetic,1,16.153846153846153,13.076923076923077,1.2352941176470589,0.08083140877598152,8,0
791,791,0,1,86,8,4046,280,69,292,37,304,2,synthetic,0,35.0,8.625,4.057971014492754,0.1267123287671233,1,-1
792,792,0,1,86,3,736,46,55,104,6,92,3,synthetic,0,15.333333333333334,18.333333333333332,0.8363636363636363,0.057692307692307696,1,-1
793,793,0,2,88,5,1616,129,75,277,19,226,1,synthetic,1,25.8,15.0,1.72,0.06859205776173286,2,-2
794,794,1,3,87,13,3833,58,147,223,15,145,1,synthetic,0,4.461538461538462,11.307692307692308,0.3945578231292517,0.06726457399103139,4,-2
795,795,4,4,86,12,2135,71,174,257,18,213,3,synthetic,0,5.916666666666667,14.5,0.40804597701149425,0.07003891050583658,8,0
796,796,1,4,85,22,4215,154,40,148,10,111,1,synthetic,0,7.0,1.8181818181818181,3.85,0.06756756756756757,5,-3
797,797,2,0,85,8,4234,183,38,164,19,143,1,synthetic,0,22.875,4.75,4.815789473684211,0.11585365853658537,2,2
798,798,4,1,85,6,2318,24,118,104,32,96,1,synthetic,1,4.0,19.666666666666668,0.2033898305084746,0.3076923076923077,5,3
799,799,1,0,85,5,845,140,34,139,19,102,2,synthetic,1,28.0,6.8,4.117647058823529,0.1366906474820144,1,1
800,800,2,4,83,5,3465,72,72,163,18,127,2,synthetic,1,14.4,14.4,1.0,0.11042944785276074,6,-2
801,801,2,3,86,2,547,68,42,106,15,90,1,synthetic,1,34.0,21.0,1.619047619047619,0.14150943396226415,5,-1
802,802,4,0,84,5,2526,137,224,379,19,316,3,synthetic,1,27.4,44.8,0.6116071428571429,0.05013192612137203,4,4
803,803,4,4,87,7,4210,180,56,269,40,335,3,synthetic,1,25.714285714285715,8.0,3.2142857142857144,0.14869888475836432,8,0
804,804,2,2,87,18,3027,212,51,297,26,301,1,synthetic,0,11.777777777777779,2.8333333333333335,4.1568627450980395,0.08754208754208755,4,0
805,805,3,1,88,23,18285,489,144,582,44,601,1,synthetic,1,21.26086956521739,6.260869565217392,3.3958333333333335,0.07560137457044673,4,2
806,806,4,4,87,3,1464,54,53,99,34,102,2,synthetic,0,18.0,17.666666666666668,1.0188679245283019,0.3434343434343434,8,0
807,807,3,2,86,10,3907,85,151,280,39,291,2,synthetic,0,8.5,15.1,0.5629139072847682,0.1392857142857143,5,1
808,808,1,4,87,5,3308,85,44,162,6,103,1,synthetic,0,17.0,8.8,1.9318181818181819,0.037037037037037035,5,-3
809,809,2,3,86,8,857,59,77,156,16,128,1,synthetic,1,7.375,9.625,0.7662337662337663,0.10256410256410256,5,-1
810,810,3,1,87,8,1449,94,117,254,35,266,1,synthetic,1,11.75,14.625,0.8034188034188035,0.1377952755905512,4,2
811,811,4,3,87,28,8754,317,340,740,36,739,1,synthetic,1,11.321428571428571,12.142857142857142,0.9323529411764706,0.04864864864864865,7,1
812,812,2,1,86,32,7685,303,279,594,25,559,1,synthetic,1,9.46875,8.71875,1.086021505376344,0.04208754208754209,3,1
813,813,0,1,86,9,2918,61,193,236,31,202,2,synthetic,1,6.777777777777778,21.444444444444443,0.3160621761658031,0.13135593220338984,1,-1
814,814,1,3,85,8,1377,236,43,167,34,158,2,synthetic,1,29.5,5.375,5.488372093023256,0.20359281437125748,4,-2
815,815,1,0,84,20,3415,197,187,438,28,366,2,synthetic,0,9.85,9.35,1.053475935828877,0.0639269406392694,1,1
816,816,1,2,86,6,2698,167,117,265,43,296,1,synthetic,1,27.833333333333332,19.5,1.4273504273504274,0.16226415094339622,3,-1
817,817,2,4,86,36,4436,220,47,266,29,258,2,synthetic,1,6.111111111111111,1.3055555555555556,4.680851063829787,0.10902255639097744,6,-2
818,818,1,-1,84,9,11438,136,179,288,38,293,1,synthetic,1,15.11111111111111,19.88888888888889,0.7597765363128491,0.13194444444444445,0,2
819,819,1,1,86,6,3616,59,72,143,14,117,1,synthetic,0,9.833333333333334,12.0,0.8194444444444444,0.0979020979020979,2,0
820,820,1,1,85,5,6212,192,50,273,35,263,2,synthetic,0,38.4,10.0,3.84,0.1282051282051282,2,0
821,821,2,1,87,12,3287,450,41,339,31,330,2,synthetic,1,37.5,3.4166666666666665,10.975609756097562,0.09144542772861357,3,1
822,822,4,2,87,17,825,79,41,113,18,104,1,synthetic,0,4.647058823529412,2.411764705882353,1.9268292682926829,0.1592920353982301,6,2
823,823,4,4,86,8,3800,129,162,333,29,323,2,synthetic,1,16.125,20.25,0.7962962962962963,0.08708708708708708,8,0
824,824,1,1,82,8,3556,191,75,265,30,255,3,synthetic,0,23.875,9.375,2.546666666666667,0.11320754716981132,2,0
825,825,1,-1,87,5,3380,72,61,158,33,129,1,synthetic,1,14.4,12.2,1.180327868852459,0.2088607594936709,0,2
826,826,4,4,85,6,1421,172,52,172,14,129,2,synthetic,0,28.666666666666668,8.666666666666666,3.3076923076923075,0.08139534883720931,8,0
827,827,1,1,85,8,8666,159,233,457,38,508,3,synthetic,1,19.875,29.125,0.6824034334763949,0.08315098468271334,2,0
828,828,0,2,85,15,4118,465,134,686,35,640,2,synthetic,1,31.0,8.933333333333334,3.470149253731343,0.05102040816326531,2,-2
829,829,-1,0,87,13,2834,141,47,255,34,228,2,synthetic,1,10.846153846153847,3.6153846153846154,3.0,0.13333333333333333,-1,-1
830,830,2,1,85,13,7284,307,133,663,28,599,1,synthetic,1,23.615384615384617,10.23076923076923,2.308270676691729,0.042232277526395176,3,1
831,831,1,0,88,4,724,41,32,82,14,63,1,synthetic,0,10.25,8.0,1.28125,0.17073170731707318,1,1
832,832,4,2,86,9,4358,44,38,108,34,108,1,synthetic,0,4.888888888888889,4.222222222222222,1.1578947368421053,0.3148148148148148,6,2
833,833,2,4,87,10,3925,407,37,280,50,308,2,synthetic,1,40.7,3.7,11.0,0.17857142857142858,6,-2
834,834,4,3,86,12,4339,42,81,98,33,99,1,synthetic,1,3.5,6.75,0.5185185185185185,0.336734693877551,7,1
835,835,3,4,86,9,7975,170,144,332,38,318,3,synthetic,1,18.88888888888889,16.0,1.1805555555555556,0.1144578313253012,7,-1
836,836,4,1,85,5,3926,100,74,227,27,193,1,synthetic,1,20.0,14.8,1.3513513513513513,0.11894273127753303,5,3
837,837,4,6,85,37,8167,465,111,493,14,452,2,synthetic,0,12.567567567567568,3.0,4.1891891891891895,0.028397565922920892,10,-2
838,838,1,1,86,5,3398,99,41,148,14,105,1,synthetic,0,19.8,8.2,2.4146341463414633,0.0945945945945946,2,0
839,839,-1,-1,85,8,688,42,47,100,31,103,1,synthetic,1,5.25,5.875,0.8936170212765957,0.31,-2,0
840,840,1,3,85,14,3295,64,105,194,14,153,2,synthetic,1,4.571428571428571,7.5,0.6095238095238096,0.07216494845360824,4,-2
841,841,1,0,88,9,3945,76,184,188,24,150,1,synthetic,1,8.444444444444445,20.444444444444443,0.41304347826086957,0.1276595744680851,1,1
842,842,1,1,87,27,4664,771,125,706,36,706,1,synthetic,1,28.555555555555557,4.62962962962963,6.168,0.05099150141643059,2,0
843,843,1,0,87,5,2392,44,70,142,23,115,1,synthetic,0,8.8,14.0,0.6285714285714286,0.1619718309859155,1,1
844,844,1,4,85,6,6699,453,110,510,35,626,1,synthetic,1,75.5,18.333333333333332,4.118181818181818,0.06862745098039216,5,-3
845,845,1,1,85,4,2584,139,33,139,15,95,2,synthetic,0,34.75,8.25,4.212121212121212,0.1079136690647482,2,0
846,846,3,2,86,9,1216,108,52,160,24,136,3,synthetic,0,12.0,5.777777777777778,2.076923076923077,0.15,5,1
847,847,1,0,87,22,5408,199,238,656,17,631,1,synthetic,1,9.045454545454545,10.818181818181818,0.8361344537815126,0.025914634146341462,1,1
848,848,1,1,85,5,946,86,31,115,18,107,2,synthetic,0,17.2,6.2,2.774193548387097,0.1565217391304348,2,0
849,849,1,1,86,12,2253,103,44,147,6,103,2,synthetic,0,8.583333333333334,3.6666666666666665,2.340909090909091,0.04081632653061224,2,0
850,850,1,4,85,17,2630,92,347,512,17,411,3,synthetic,1,5.411764705882353,20.41176470588235,0.26512968299711814,0.033203125,5,-3
851,851,1,3,85,6,598,41,48,81,10,68,3,synthetic,1,6.833333333333333,8.0,0.8541666666666666,0.12345679012345678,4,-2
852,852,1,3,86,12,3813,273,119,456,24,399,2,synthetic,1,22.75,9.916666666666666,2.2941176470588234,0.05263157894736842,4,-2
853,853,0,1,87,14,12090,434,51,414,19,331,1,synthetic,1,31.0,3.642857142857143,8.509803921568627,0.04589371980676329,1,-1
854,854,1,4,87,5,3760,47,72,99,6,82,1,synthetic,0,9.4,14.4,0.6527777777777778,0.06060606060606061,5,-3
855,855,4,7,85,15,9183,226,251,464,35,554,1,synthetic,0,15.066666666666666,16.733333333333334,0.900398406374502,0.07543103448275862,11,-3
856,856,1,2,87,8,5435,87,119,303,39,310,2,synthetic,1,10.875,14.875,0.7310924369747899,0.12871287128712872,3,-1
857,857,2,3,87,17,15173,90,126,291,29,265,2,synthetic,0,5.294117647058823,7.411764705882353,0.7142857142857143,0.09965635738831616,5,-1
858,858,0,1,86,4,5685,123,87,246,39,269,2,synthetic,0,30.75,21.75,1.4137931034482758,0.15853658536585366,1,-1
859,859,4,3,85,9,5927,112,123,272,40,262,2,synthetic,0,12.444444444444445,13.666666666666666,0.9105691056910569,0.14705882352941177,7,1
860,860,4,3,84,15,9584,489,307,956,50,966,1,synthetic,1,32.6,20.466666666666665,1.5928338762214984,0.05230125523012552,7,1
861,861,2,4,85,16,3870,207,122,321,40,328,2,synthetic,0,12.9375,7.625,1.6967213114754098,0.12461059190031153,6,-2
862,862,4,1,87,8,3832,222,117,332,28,311,1,synthetic,0,27.75,14.625,1.8974358974358974,0.08433734939759036,5,3
863,863,3,1,86,6,4018,70,243,325,14,245,1,synthetic,1,11.666666666666666,40.5,0.2880658436213992,0.043076923076923075,4,2
864,864,-1,0,86,12,3129,204,39,221,18,183,1,synthetic,1,17.0,3.25,5.230769230769231,0.08144796380090498,-1,-1
865,865,2,1,85,5,3986,145,132,297,33,292,3,synthetic,1,29.0,26.4,1.0984848484848484,0.1111111111111111,3,1
866,866,2,3,86,27,14909,701,236,776,39,677,1,synthetic,1,25.962962962962962,8.74074074074074,2.9703389830508473,0.05025773195876289,5,-1
867,867,1,1,85,8,8617,51,273,204,15,200,2,synthetic,0,6.375,34.125,0.18681318681318682,0.07352941176470588,2,0
868,868,4,4,83,17,18583,402,229,669,52,696,1,synthetic,1,23.647058823529413,13.470588235294118,1.755458515283843,0.07772795216741404,8,0
869,869,1,1,85,3,1246,19,55,90,14,84,1,synthetic,0,6.333333333333333,18.333333333333332,0.34545454545454546,0.15555555555555556,2,0
870,870,0,4,86,14,1402,635,51,382,10,288,3,synthetic,1,45.357142857142854,3.642857142857143,12.450980392156863,0.02617801047120419,4,-4
871,871,2,3,86,8,4023,123,41,153,6,99,2,synthetic,0,15.375,5.125,3.0,0.0392156862745098,5,-1
872,872,1,2,86,17,3548,327,75,425,23,398,1,synthetic,1,19.235294117647058,4.411764705882353,4.36,0.05411764705882353,3,-1
873,873,4,3,85,6,2174,97,138,186,25,194,1,synthetic,0,16.166666666666668,23.0,0.7028985507246377,0.13440860215053763,7,1
874,874,2,4,87,13,3502,188,101,295,32,290,3,synthetic,1,14.461538461538462,7.769230769230769,1.8613861386138615,0.10847457627118644,6,-2
875,875,1,1,85,18,754,148,50,173,20,162,1,synthetic,0,8.222222222222221,2.7777777777777777,2.96,0.11560693641618497,2,0
876,876,3,-1,86,18,4793,285,173,425,40,453,2,synthetic,1,15.833333333333334,9.61111111111111,1.6473988439306357,0.09411764705882353,2,4
877,877,-1,3,85,5,873,74,52,146,18,101,1,synthetic,0,14.8,10.4,1.4230769230769231,0.1232876712328767,2,-4
878,878,1,2,86,28,7580,490,145,553,33,563,1,synthetic,1,17.5,5.178571428571429,3.3793103448275863,0.059674502712477394,3,-1
879,879,3,4,85,15,10454,123,155,276,34,312,1,synthetic,0,8.2,10.333333333333334,0.7935483870967742,0.12318840579710146,7,-1
880,880,4,1,85,11,6010,46,374,320,14,235,2,synthetic,0,4.181818181818182,34.0,0.12299465240641712,0.04375,5,3
881,881,2,3,84,16,9341,257,220,552,52,537,2,synthetic,1,16.0625,13.75,1.1681818181818182,0.09420289855072464,5,-1
882,882,2,3,83,15,3104,59,122,208,36,186,1,synthetic,0,3.933333333333333,8.133333333333333,0.48360655737704916,0.17307692307692307,5,-1
883,883,4,7,84,12,1580,83,85,212,14,197,2,synthetic,1,6.916666666666667,7.083333333333333,0.9764705882352941,0.0660377358490566,11,-3
884,884,1,-1,86,14,1292,115,318,421,11,330,2,synthetic,0,8.214285714285714,22.714285714285715,0.36163522012578614,0.026128266033254157,0,2
885,885,2,3,85,15,2738,403,90,435,25,454,3,synthetic,0,26.866666666666667,6.0,4.477777777777778,0.05747126436781609,5,-1
886,886,2,3,85,5,1008,131,41,143,15,121,1,synthetic,0,26.2,8.2,3.1951219512195124,0.1048951048951049,5,-1
887,887,1,2,84,9,789,45,73,105,25,112,1,synthetic,1,5.0,8.11111111111111,0.6164383561643836,0.23809523809523808,3,-1
888,888,4,5,88,12,5476,120,363,621,29,634,2,synthetic,0,10.0,30.25,0.3305785123966942,0.04669887278582931,9,-1
889,889,4,4,86,8,5329,138,121,279,19,252,1,synthetic,0,17.25,15.125,1.140495867768595,0.06810035842293907,8,0
890,890,4,3,87,24,4901,109,178,284,39,293,1,synthetic,0,4.541666666666667,7.416666666666667,0.6123595505617978,0.13732394366197184,7,1
891,891,4,7,84,13,8846,103,332,461,37,472,2,synthetic,1,7.923076923076923,25.53846153846154,0.3102409638554217,0.08026030368763558,11,-3
892,892,-1,0,85,5,843,94,37,104,6,84,1,synthetic,0,18.8,7.4,2.5405405405405403,0.057692307692307696,-1,-1
893,893,4,3,86,9,2840,134,108,167,38,198,1,synthetic,0,14.88888888888889,12.0,1.2407407407407407,0.2275449101796407,7,1
894,894,1,0,85,6,1642,117,29,97,36,96,1,synthetic,0,19.5,4.833333333333333,4.0344827586206895,0.3711340206185567,1,1
895,895,4,4,87,4,2627,89,59,159,35,153,2,synthetic,0,22.25,14.75,1.5084745762711864,0.22012578616352202,8,0
896,896,4,4,86,5,1581,469,73,550,41,656,1,synthetic,0,93.8,14.6,6.424657534246576,0.07454545454545454,8,0
897,897,3,3,85,4,1616,169,43,176,37,173,3,synthetic,1,42.25,10.75,3.9302325581395348,0.21022727272727273,6,0
898,898,1,1,82,5,822,48,102,143,18,109,2,synthetic,0,9.6,20.4,0.47058823529411764,0.1258741258741259,2,0
899,899,4,4,86,21,8284,201,95,409,25,353,1,synthetic,1,9.571428571428571,4.523809523809524,2.1157894736842104,0.061124694376528114,8,0
900,900,4,3,85,19,12297,630,127,522,37,572,1,synthetic,1,33.1578947368421,6.684210526315789,4.960629921259843,0.07088122605363985,7,1
901,901,2,2,88,3,2361,255,59,313,36,299,1,synthetic,1,85.0,19.666666666666668,4.322033898305085,0.11501597444089456,4,0
902,902,4,4,86,9,2327,98,96,209,28,210,2,synthetic,0,10.88888888888889,10.666666666666666,1.0208333333333333,0.1339712918660287,8,0
903,903,4,4,86,11,2275,97,93,164,36,154,1,synthetic,0,8.818181818181818,8.454545454545455,1.043010752688172,0.21951219512195122,8,0
904,904,3,4,87,8,3902,121,95,248,39,246,3,synthetic,1,15.125,11.875,1.2736842105263158,0.15725806451612903,7,-1
905,905,4,0,86,17,14032,247,171,464,50,529,1,synthetic,1,14.529411764705882,10.058823529411764,1.4444444444444444,0.10775862068965517,4,4
906,906,4,1,86,10,3846,98,103,166,38,185,1,synthetic,1,9.8,10.3,0.9514563106796117,0.2289156626506024,5,3
907,907,3,3,84,5,2391,43,92,101,28,96,1,synthetic,0,8.6,18.4,0.4673913043478261,0.27722772277227725,6,0
908,908,1,3,85,6,2373,43,112,188,41,215,2,synthetic,0,7.166666666666667,18.666666666666668,0.38392857142857145,0.21808510638297873,4,-2
909,909,4,1,85,21,14205,204,333,512,35,625,1,synthetic,1,9.714285714285714,15.857142857142858,0.6126126126126126,0.068359375,5,3
910,910,1,4,84,5,885,50,76,124,6,93,1,synthetic,0,10.0,15.2,0.6578947368421053,0.04838709677419355,5,-3
911,911,2,1,85,5,8743,80,99,172,32,179,2,synthetic,1,16.0,19.8,0.8080808080808081,0.18604651162790697,3,1
912,912,4,3,85,5,5005,117,242,282,35,307,2,synthetic,1,23.4,48.4,0.4834710743801653,0.12411347517730496,7,1
913,913,2,2,85,12,2911,116,78,186,35,187,2,synthetic,0,9.666666666666666,6.5,1.4871794871794872,0.1881720430107527,4,0
914,914,3,4,86,9,2523,82,89,152,16,112,2,synthetic,1,9.11111111111111,9.88888888888889,0.9213483146067416,0.10526315789473684,7,-1
915,915,4,0,84,9,14535,193,244,428,38,388,2,synthetic,0,21.444444444444443,27.11111111111111,0.7909836065573771,0.08878504672897196,4,4
916,916,3,1,86,6,2294,276,185,481,28,413,1,synthetic,0,46.0,30.833333333333332,1.491891891891892,0.058212058212058215,4,2
917,917,3,4,85,10,654,126,95,218,18,180,1,synthetic,0,12.6,9.5,1.3263157894736841,0.08256880733944955,7,-1
918,918,2,1,85,17,4234,78,40,157,35,137,2,synthetic,0,4.588235294117647,2.3529411764705883,1.95,0.2229299363057325,3,1
919,919,1,1,86,5,1581,23,47,77,24,69,1,synthetic,1,4.6,9.4,0.48936170212765956,0.3116883116883117,2,0
920,920,4,4,86,22,9033,217,120,404,42,472,2,synthetic,1,9.863636363636363,5.454545454545454,1.8083333333333333,0.10396039603960396,8,0
921,921,4,1,85,5,4303,126,192,335,35,308,1,synthetic,0,25.2,38.4,0.65625,0.1044776119402985,5,3
922,922,0,0,86,14,9200,257,51,274,24,235,1,synthetic,1,18.357142857142858,3.642857142857143,5.03921568627451,0.08759124087591241,0,0
923,923,1,1,87,9,2525,293,43,229,12,159,1,synthetic,1,32.55555555555556,4.777777777777778,6.813953488372093,0.05240174672489083,2,0
924,924,1,0,85,15,9902,220,311,599,29,499,1,synthetic,1,14.666666666666666,20.733333333333334,0.707395498392283,0.048414023372287146,1,1
925,925,4,4,87,12,2340,191,57,260,40,257,2,synthetic,1,15.916666666666666,4.75,3.3508771929824563,0.15384615384615385,8,0
926,926,0,0,86,14,5913,175,100,282,22,294,1,synthetic,1,12.5,7.142857142857143,1.75,0.07801418439716312,0,0
927,927,1,1,86,6,2344,97,76,109,17,97,1,synthetic,0,16.166666666666668,12.666666666666666,1.2763157894736843,0.1559633027522936,2,0
928,928,4,2,84,12,14339,87,246,282,34,305,3,synthetic,1,7.25,20.5,0.35365853658536583,0.12056737588652482,6,2
929,929,1,6,86,16,9426,316,71,365,35,380,1,synthetic,1,19.75,4.4375,4.450704225352113,0.0958904109589041,7,-5
930,930,4,4,87,32,8125,130,181,452,13,303,2,synthetic,0,4.0625,5.65625,0.7182320441988951,0.028761061946902654,8,0
931,931,2,2,83,10,6980,127,46,227,23,178,3,synthetic,1,12.7,4.6,2.760869565217391,0.1013215859030837,4,0
932,932,4,3,86,12,5878,303,100,464,18,400,3,synthetic,0,25.25,8.333333333333334,3.03,0.03879310344827586,7,1
933,933,1,4,85,13,2403,185,123,399,14,323,3,synthetic,0,14.23076923076923,9.461538461538462,1.5040650406504066,0.03508771929824561,5,-3
934,934,2,3,87,13,1540,162,55,210,14,153,1,synthetic,0,12.461538461538462,4.230769230769231,2.9454545454545453,0.06666666666666667,5,-1
935,935,-1,-1,86,4,2527,70,47,148,26,132,3,synthetic,1,17.5,11.75,1.4893617021276595,0.17567567567567569,-2,0
936,936,1,3,83,9,2563,165,51,274,23,271,2,synthetic,0,18.333333333333332,5.666666666666667,3.235294117647059,0.08394160583941605,4,-2
937,937,4,4,85,6,2874,162,128,308,26,279,2,synthetic,0,27.0,21.333333333333332,1.265625,0.08441558441558442,8,0
938,938,1,1,85,21,7291,148,95,291,16,241,1,synthetic,0,7.0476190476190474,4.523809523809524,1.5578947368421052,0.054982817869415807,2,0
939,939,3,4,87,16,3589,314,89,324,28,342,3,synthetic,0,19.625,5.5625,3.5280898876404496,0.08641975308641975,7,-1
940,940,2,3,86,26,3545,84,54,171,23,168,2,synthetic,0,3.230769230769231,2.076923076923077,1.5555555555555556,0.13450292397660818,5,-1
941,941,3,2,87,10,3873,53,385,345,26,331,2,synthetic,1,5.3,38.5,0.13766233766233765,0.07536231884057971,5,1
942,942,4,3,87,8,3847,166,59,291,33,294,1,synthetic,0,20.75,7.375,2.8135593220338984,0.1134020618556701,7,1
943,943,4,4,86,14,8840,123,183,322,28,340,1,synthetic,0,8.785714285714286,13.071428571428571,0.6721311475409836,0.08695652173913043,8,0
944,944,0,0,86,15,9766,124,234,422,31,433,3,synthetic,1,8.266666666666667,15.6,0.5299145299145299,0.07345971563981042,0,0
945,945,0,3,85,17,8888,220,120,375,34,424,1,synthetic,1,12.941176470588236,7.0588235294117645,1.8333333333333333,0.09066666666666667,3,-3
946,946,4,1,84,10,2355,83,133,240,51,290,1,synthetic,0,8.3,13.3,0.6240601503759399,0.2125,5,3
947,947,2,3,86,6,2617,219,80,276,23,194,2,synthetic,0,36.5,13.333333333333334,2.7375,0.08333333333333333,5,-1
948,948,2,4,83,4,1636,99,32,98,14,85,1,synthetic,0,24.75,8.0,3.09375,0.14285714285714285,6,-2
949,949,2,3,86,9,3733,314,185,430,41,428,1,synthetic,1,34.888888888888886,20.555555555555557,1.6972972972972973,0.09534883720930233,5,-1
950,950,2,2,88,11,3989,102,74,187,33,192,1,synthetic,0,9.272727272727273,6.7272727272727275,1.3783783783783783,0.17647058823529413,4,0
951,951,4,3,86,13,8466,318,130,443,38,452,1,synthetic,1,24.46153846153846,10.0,2.4461538461538463,0.08577878103837472,7,1
952,952,2,4,87,15,3688,186,75,294,26,275,1,synthetic,1,12.4,5.0,2.48,0.08843537414965986,6,-2
953,953,2,2,86,9,3980,116,211,386,19,347,1,synthetic,0,12.88888888888889,23.444444444444443,0.5497630331753555,0.04922279792746114,4,0
954,954,1,1,85,28,7377,310,190,533,25,416,1,synthetic,0,11.071428571428571,6.785714285714286,1.631578947368421,0.04690431519699812,2,0
955,955,1,-1,84,10,16240,214,76,295,38,257,2,synthetic,1,21.4,7.6,2.8157894736842106,0.1288135593220339,0,2
956,956,4,4,85,6,3334,297,216,724,25,711,3,synthetic,0,49.5,36.0,1.375,0.034530386740331494,8,0
957,957,2,1,85,12,2871,167,44,191,33,184,1,synthetic,1,13.916666666666666,3.6666666666666665,3.7954545454545454,0.17277486910994763,3,1
958,958,2,4,85,19,2512,237,78,304,32,290,1,synthetic,0,12.473684210526315,4.105263157894737,3.0384615384615383,0.10526315789473684,6,-2
959,959,1,-1,85,5,5716,129,43,170,18,122,1,synthetic,0,25.8,8.6,3.0,0.10588235294117647,0,2
960,960,3,1,86,17,6016,195,122,394,39,429,2,synthetic,1,11.470588235294118,7.176470588235294,1.598360655737705,0.09898477157360407,4,2
961,961,3,3,86,14,3798,158,100,293,24,261,3,synthetic,1,11.285714285714286,7.142857142857143,1.58,0.08191126279863481,6,0
962,962,4,4,86,6,4789,102,184,258,34,259,1,synthetic,0,17.0,30.666666666666668,0.5543478260869565,0.13178294573643412,8,0
963,963,0,3,85,16,5013,464,97,507,7,508,1,synthetic,1,29.0,6.0625,4.783505154639175,0.013806706114398421,3,-3
964,964,4,3,84,4,2487,37,103,126,17,110,2,synthetic,0,9.25,25.75,0.3592233009708738,0.1349206349206349,7,1
965,965,4,4,86,12,1620,217,60,232,36,260,2,synthetic,1,18.083333333333332,5.0,3.6166666666666667,0.15517241379310345,8,0
966,966,2,5,87,13,3121,98,238,331,26,307,1,synthetic,1,7.538461538461538,18.307692307692307,0.4117647058823529,0.07854984894259819,7,-3
967,967,1,4,86,8,2465,227,175,453,17,353,2,synthetic,1,28.375,21.875,1.2971428571428572,0.037527593818984545,5,-3
968,968,2,3,86,6,3787,133,40,131,25,106,2,synthetic,0,22.166666666666668,6.666666666666667,3.325,0.19083969465648856,5,-1
969,969,4,4,88,8,3178,97,125,255,42,290,3,synthetic,1,12.125,15.625,0.776,0.16470588235294117,8,0
970,970,4,4,86,8,13631,203,120,438,52,511,1,synthetic,1,25.375,15.0,1.6916666666666667,0.1187214611872146,8,0
971,971,1,2,85,13,11929,311,166,573,35,628,3,synthetic,1,23.923076923076923,12.76923076923077,1.8734939759036144,0.06108202443280977,3,-1
972,972,2,3,86,9,3178,111,182,276,17,298,1,synthetic,0,12.333333333333334,20.22222222222222,0.6098901098901099,0.06159420289855073,5,-1
973,973,4,0,85,6,892,48,9,77,14,62,2,synthetic,0,8.0,1.5,5.333333333333333,0.18181818181818182,4,4
974,974,0,1,87,6,6259,311,128,438,49,437,2,synthetic,1,51.833333333333336,21.333333333333332,2.4296875,0.11187214611872145,1,-1
975,975,0,1,86,31,8239,283,77,380,34,361,1,synthetic,1,9.129032258064516,2.4838709677419355,3.675324675324675,0.08947368421052632,1,-1
976,976,1,1,87,4,2214,49,39,89,16,81,2,synthetic,1,12.25,9.75,1.2564102564102564,0.1797752808988764,2,0
977,977,3,3,84,9,3693,74,120,209,14,172,1,synthetic,0,8.222222222222221,13.333333333333334,0.6166666666666667,0.06698564593301436,6,0
978,978,1,2,86,16,10386,251,121,477,36,452,1,synthetic,1,15.6875,7.5625,2.074380165289256,0.07547169811320754,3,-1
979,979,1,-1,88,8,3392,273,94,378,27,353,1,synthetic,1,34.125,11.75,2.904255319148936,0.07142857142857142,0,2
980,980,1,4,87,4,2305,32,60,101,12,82,1,synthetic,0,8.0,15.0,0.5333333333333333,0.1188118811881188,5,-3
981,981,4,3,86,8,3213,535,130,666,39,696,1,synthetic,1,66.875,16.25,4.115384615384615,0.05855855855855856,7,1
